VALUES ('17', '5', '2025-01-16', 'no action');
INSERT INTO moderation (modID, adminID, timestamp, modType) VALUES ('18', '9', '2024-12-10', 'no action');
INSERT INTO moderation (modID, adminID, timestamp, modType) VALUES ('19', '8', '2025-01-25', 'no action');
INSERT INTO moderation (modID, adminID, timestamp, modType) VALUES ('20', '10', '2025-07-24', 'no action');
INSERT INTO moderation (modID, adminID, timestamp, modType) VALUES ('21', '3', '2025-05-21', 'no action');
INSERT INTO moderation (modID, adminID, timestamp, modType) VALUES ('22', '1', '2025-03-08', 'mute');
INSERT INTO moderation (modID, adminID, timestamp, modType) VALUES ('23', '1', '2025-10-23', 'no action');
INSERT INTO moderation (modID, adminID, timestamp, modType) VALUES ('24', '10', '2025-02-07', 'mute');
INSERT INTO moderation (modID, adminID, timestamp, modType) VALUES ('25', '9', '2025-09-02', 'ban');
INSERT INTO moderation (modID, adminID, timestamp, modType) VALUES ('26', '5', '2025-08-24', 'no action');
INSERT INTO moderation (modID, adminID, timestamp, modType) VALUES ('27', '2', '2025-01-05', 'no action');
INSERT INTO moderation (modID, adminID, timestamp, modType) VALUES ('28', '5', '2025-01-02', 'no action');
INSERT INTO moderation (modID, adminID, timestamp, modType) VALUES ('29', '6', '2025-09-27', 'no action');
INSERT INTO moderation (modID, adminID, timestamp, modType) VALUES ('30', '10', '2025-10-22', 'mute');
INSERT INTO moderation (modID, adminID, timestamp, modType) VALUES ('31', '5', '2025-07-11', 'mute');
INSERT INTO moderation (modID, adminID, timestamp, modType) VALUES ('32', '6', '2025-11-25', 'mute');
INSERT INTO moderation (modID, adminID, timestamp, modType) VALUES ('33', '1', '2025-04-09', 'mute');
INSERT INTO moderation (modID, adminID, timestamp, modType) VALUES ('34', '3', '2025-05-06', 'mute');
INSERT INTO moderation (modID, adminID, timestamp, modType) VALUES ('35', '5', '2025-11-16', 'ban');
INSERT INTO moderation (modID, adminID, timestamp, modType) VALUES ('36', '1', '2025-11-18', 'no action');
INSERT INTO moderation (modID, adminID, timestamp, modType) VALUES ('37', '1', '2025-06-12', 'mute');
INSERT INTO moderation (modID, adminID, timestamp, modType) VALUES ('38', '3', '2025-05-12', 'ban');
INSERT INTO moderation (modID, adminID, timestamp, modType) VALUES ('39', '2', '2025-10-13', 'ban');
INSERT INTO moderation (modID, adminID, timestamp, modType) VALUES ('40', '1', '2025-10-10', 'ban');
INSERT INTO moderation (modID, adminID, timestamp, modType) VALUES ('41', '3', '2025-09-25', 'mute');
INSERT INTO moderation (modID, adminID, timestamp, modType) VALUES ('42', '6', '2025-09-13', 'ban');
INSERT INTO moderation (modID, adminID, timestamp, modType) VALUES ('43', '4', '2025-11-22', 'ban');
INSERT INTO moderation (modID, adminID, timestamp, modType) VALUES ('44', '9', '2025-11-03', 'ban');
INSERT INTO moderation (modID, adminID, timestamp, modType) VALUES ('45', '8', '2025-02-11', 'no action');
INSERT INTO moderation (modID, adminID, timestamp, modType) VALUES ('46', '2', '2025-08-19', 'ban');
INSERT INTO moderation (modID, adminID, timestamp, modType) VALUES ('47', '9', '2025-06-22', 'no action');
INSERT INTO moderation (modID, adminID, timestamp, modType) VALUES ('48', '8', '2025-06-15', 'mute');
INSERT INTO moderation (modID, adminID, timestamp, modType) VALUES ('49', '9', '2025-05-23', 'mute');
INSERT INTO moderation (modID, adminID, timestamp, modType) VALUES ('50', '4', '2024-12-30', 'no action');
INSERT INTO moderation (modID, adminID, timestamp, modType) VALUES ('51', '8', '2025-07-20', 'ban');
INSERT INTO moderation (modID, adminID, timestamp, modType) VALUES ('52', '9', '2025-11-28', 'ban');
INSERT INTO moderation (modID, adminID, timestamp, modType) VALUES ('53', '1', '2025-07-04', 'mute');
INSERT INTO moderation (modID, adminID, timestamp, modType) VALUES ('54', '6', '2025-01-05', 'no action');
INSERT INTO moderation (modID, adminID, timestamp, modType) VALUES ('55', '9', '2025-11-14', 'mute');
INSERT INTO moderation (modID, adminID, timestamp, modType) VALUES ('56', '4', '2025-02-13', 'ban');
INSERT INTO moderation (modID, adminID, timestamp, modType) VALUES ('57', '2', '2025-01-24', 'ban');
INSERT INTO moderation (modID, adminID, timestamp, modType) VALUES ('58', '8', '2025-08-03', 'no action');
INSERT INTO moderation (modID, adminID, timestamp, modType) VALUES ('59', '10', '2025-09-23', 'ban');
INSERT INTO moderation (modID, adminID, timestamp, modType) VALUES ('60', '5', '2025-07-09', 'ban');
INSERT INTO moderation (modID, adminID, timestamp, modType) VALUES ('61', '6', '2025-02-03', 'no action');
INSERT INTO moderation (modID, adminID, timestamp, modType) VALUES ('62', '4', '2025-03-14', 'no action');
INSERT INTO moderation (modID, adminID, timestamp, modType) VALUES ('63', '10', '2025-06-07', 'mute');
INSERT INTO moderation (modID, adminID, timestamp, modType) VALUES ('64', '1', '2025-05-26', 'ban');
INSERT INTO moderation (modID, adminID, timestamp, modType) VALUES ('65', '3', '2024-12-18', 'mute');
INSERT INTO moderation (modID, adminID, timestamp, modType) VALUES ('66', '8', '2025-01-28', 'mute');
INSERT INTO moderation (modID, adminID, timestamp, modType) VALUES ('67', '10', '2025-03-30', 'no action');
INSERT INTO moderation (modID, adminID, timestamp, modType) VALUES ('68', '9', '2025-03-12', 'mute');
INSERT INTO moderation (modID, adminID, timestamp, modType) VALUES ('69', '9', '2025-07-16', 'mute');
INSERT INTO moderation (modID, adminID, timestamp, modType) VALUES ('70', '2', '2025-03-05', 'ban');
INSERT INTO moderation (modID, adminID, timestamp, modType) VALUES ('71', '10', '2025-09-01', 'mute');
INSERT INTO moderation (modID, adminID, timestamp, modType) VALUES ('72', '7', '2025-03-09', 'no action');
INSERT INTO moderation (modID, adminID, timestamp, modType) VALUES ('73', '5', '2025-07-18', 'mute');
INSERT INTO moderation (modID, adminID, timestamp, modType) VALUES ('74', '4', '2025-08-09', 'mute');
INSERT INTO moderation (modID, adminID, timestamp, modType) VALUES ('75', '7', '2025-05-25', 'ban');
INSERT INTO moderation (modID, adminID, timestamp, modType) VALUES ('76', '2', '2025-07-25', 'mute');
INSERT INTO moderation (modID, adminID, timestamp, modType) VALUES ('77', '4', '2025-08-20', 'mute');
INSERT INTO moderation (modID, adminID, timestamp, modType) VALUES ('78', '6', '2025-01-16', 'ban');
INSERT INTO moderation (modID, adminID, timestamp, modType) VALUES ('79', '3', '2025-03-31', 'mute');
INSERT INTO moderation (modID, adminID, timestamp, modType) VALUES ('80', '5', '2025-04-02', 'ban');

INSERT INTO notification (notificationID, userID, message) VALUES ('1', '21', 'gloves');
INSERT INTO notification (notificationID, userID, message) VALUES ('2', '30', 'gloves');
INSERT INTO notification (notificationID, userID, message) VALUES ('3', '17', 'umbrella');
INSERT INTO notification (notificationID, userID, message) VALUES ('4', '38', 'keys');
INSERT INTO notification (notificationID, userID, message) VALUES ('5', '17', 'keys');
INSERT INTO notification (notificationID, userID, message) VALUES ('6', '27', 'water bottle');
INSERT INTO notification (notificationID, userID, message) VALUES ('7', '23', 'laptop');
INSERT INTO notification (notificationID, userID, message) VALUES ('8', '37', 'umbrella');
INSERT INTO notification (notificationID, userID, message) VALUES ('9', '24', 'phone');
INSERT INTO notification (notificationID, userID, message) VALUES ('10', '26', 'textbook');
INSERT INTO notification (notificationID, userID, message) VALUES ('11', '24', 'headphones');
INSERT INTO notification (notificationID, userID, message) VALUES ('12', '50', 'laptop');
INSERT INTO notification (notificationID, userID, message) VALUES ('13', '28', 'phone');
INSERT INTO notification (notificationID, userID, message) VALUES ('14', '47', 'gloves');
INSERT INTO notification (notificationID, userID, message) VALUES ('15', '49', 'sunglasses');
INSERT INTO notification (notificationID, userID, message) VALUES ('16', '30', 'umbrella');
INSERT INTO notification (notificationID, userID, message) VALUES ('17', '46', 'wallet');
INSERT INTO notification (notificationID, userID, message) VALUES ('18', '25', 'hat');
INSERT INTO notification (notificationID, userID, message) VALUES ('19', '5', 'gloves');
INSERT INTO notification (notificationID, userID, message) VALUES ('20', '34', 'sunglasses');
INSERT INTO notification (notificationID, userID, message) VALUES ('21', '2', 'keys');
INSERT INTO notification (notificationID, userID, message) VALUES ('22', '46', 'gloves');
INSERT INTO notification (notificationID, userID, message) VALUES ('23', '1', 'headphones');
INSERT INTO notification (notificationID, userID, message) VALUES ('24', '22', 'phone');
INSERT INTO notification (notificationID, userID, message) VALUES ('25', '26', 'hat');
INSERT INTO notification (notificationID, userID, message) VALUES ('26', '30', 'keys');
INSERT INTO notification (notificationID, userID, message) VALUES ('27', '28', 'hat');
INSERT INTO notification (notificationID, userID, message) VALUES ('28', '43', 'headphones');
INSERT INTO notification (notificationID, userID, message) VALUES ('29', '46', 'wallet');
INSERT INTO notification (notificationID, userID, message) VALUES ('30', '3', 'sunglasses');
INSERT INTO notification (notificationID, userID, message) VALUES ('31', '7', 'headphones');
INSERT INTO notification (notificationID, userID, message) VALUES ('32', '47', 'wallet');
INSERT INTO notification (notificationID, userID, message) VALUES ('33', '30', 'wallet');
INSERT INTO notification (notificationID, userID, message) VALUES ('34', '13', 'textbook');
INSERT INTO notification (notificationID, userID, message) VALUES ('35', '13', 'textbook');
INSERT INTO notification (notificationID, userID, message) VALUES ('36', '31', 'gloves');
INSERT INTO notification (notificationID, userID, message) VALUES ('37', '50', 'laptop');
INSERT INTO notification (notificationID, userID, message) VALUES ('38', '22', 'textbook');
INSERT INTO notification (notificationID, userID, message) VALUES ('39', '46', 'keys');
INSERT INTO notification (notificationID, userID, message) VALUES ('40', '19', 'hat');
INSERT INTO notification (notificationID, userID, message) VALUES ('41', '26', 'wallet');
INSERT INTO notification (notificationID, userID, message) VALUES ('42', '18', 'umbrella');
INSERT INTO notification (notificationID, userID, message) VALUES ('43', '8', 'keys');
INSERT INTO notification (notificationID, userID, message) VALUES ('44', '43', 'phone');
INSERT INTO notification (notificationID, userID, message) VALUES ('45', '47', 'keys');
INSERT INTO notification (notificationID, userID, message) VALUES ('46', '18', 'textbook');
INSERT INTO notification (notificationID, userID, message) VALUES ('47', '39', 'gloves');
INSERT INTO notification (notificationID, userID, message) VALUES ('48', '20', 'water bottle');
INSERT INTO notification (notificationID, userID, message) VALUES ('49', '49', 'keys');
INSERT INTO notification (notificationID, userID, message) VALUES ('50', '15', 'water bottle');
INSERT INTO notification (notificationID, userID, message) VALUES ('51', '39', 'headphones');
INSERT INTO notification (notificationID, userID, message) VALUES ('52', '29', 'headphones');
INSERT INTO notification (notificationID, userID, message) VALUES ('53', '31', 'sunglasses');
INSERT INTO notification (notificationID, userID, message) VALUES ('54', '33', 'headphones');
INSERT INTO notification (notificationID, userID, message) VALUES ('55', '3', 'hat');
INSERT INTO notification (notificationID, userID, message) VALUES ('56', '48', 'wallet');
INSERT INTO notification (notificationID, userID, message) VALUES ('57', '33', 'keys');
INSERT INTO notification (notificationID, userID, message) VALUES ('58', '37', 'keys');
INSERT INTO notification (notificationID, userID, message) VALUES ('59', '2', 'wallet');
INSERT INTO notification (notificationID, userID, message) VALUES ('60', '16', 'headphones');

INSERT INTO report (reportID, userID, logID, modID, content) VALUES ('1', '36', '96', '68', 'harassment');
INSERT INTO report (reportID, userID, logID, modID, content) VALUES ('2', '26', '82', '75', 'spam');
INSERT INTO report (reportID, userID, logID, modID, content) VALUES ('3', '40', '28', '69', 'scam');
INSERT INTO report (reportID, userID, logID, modID, content) VALUES ('4', '28', '70', '67', 'malicious');
INSERT INTO report (reportID, userID, logID, modID, content) VALUES ('5', '27', '36', '6', 'harassment');
INSERT INTO report (reportID, userID, logID, modID, content) VALUES ('6', '35', '78', '37', 'spam');
INSERT INTO report (reportID, userID, logID, modID, content) VALUES ('7', '37', '61', '38', 'scam');
INSERT INTO report (reportID, userID, logID, modID, content) VALUES ('8', '1', '6', '31', 'malicious');
INSERT INTO report (reportID, userID, logID, modID, content) VALUES ('9', '28', '85', '66', 'harassment');
INSERT INTO report (reportID, userID, logID, modID, content) VALUES ('10', '47', '68', '55', 'spam');
INSERT INTO report (reportID, userID, logID, modID, content) VALUES ('11', '19', '39', '58', 'scam');
INSERT INTO report (reportID, userID, logID, modID, content) VALUES ('12', '46', '44', '29', 'malicious');
INSERT INTO report (reportID, userID, logID, modID, content) VALUES ('13', '40', '100', '27', 'harassment');
INSERT INTO report (reportID, userID, logID, modID, content) VALUES ('14', '36', '84', '45', 'spam');
INSERT INTO report (reportID, userID, logID, modID, content) VALUES ('15', '18', '98', '31', 'scam');
INSERT INTO report (reportID, userID, logID, modID, content) VALUES ('16', '38', '90', '6', 'malicious');
INSERT INTO report (reportID, userID, logID, modID, content) VALUES ('17', '32', '12', '11', 'harassment');
INSERT INTO report (reportID, userID, logID, modID, content) VALUES ('18', '24', '100', '55', 'spam');
INSERT INTO report (reportID, userID, logID, modID, content) VALUES ('19', '22', '69', '67', 'scam');
INSERT INTO report (reportID, userID, logID, modID, content) VALUES ('20', '26', '24', '70', 'malicious');
INSERT INTO report (reportID, userID, logID, modID, content) VALUES ('21', '31', '68', '23', 'harassment');
INSERT INTO report (reportID, userID, logID, modID, content) VALUES ('22', '12', '100', '30', 'spam');
INSERT INTO report (reportID, userID, logID, modID, content) VALUES ('23', '13', '31', '9', 'scam');
INSERT INTO report (reportID, userID, logID, modID, content) VALUES ('24', '47', '99', '69', 'malicious');
INSERT INTO report (reportID, userID, logID, modID, content) VALUES ('25', '35', '42', '23', 'harassment');
INSERT INTO report (reportID, userID, logID, modID, content) VALUES ('26', '46', '59', '56', 'spam');
INSERT INTO report (reportID, userID, logID, modID, content) VALUES ('27', '9', '68', '22', 'scam');
INSERT INTO report (reportID, userID, logID, modID, content) VALUES ('28', '9', '85', '26', 'malicious');
INSERT INTO report (reportID, userID, logID, modID, content) VALUES ('29', '23', '61', '65', 'harassment');
INSERT INTO report (reportID, userID, logID, modID, content) VALUES ('30', '38', '17', '50', 'spam');
INSERT INTO report (reportID, userID, logID, modID, content) VALUES ('31', '25', '66', '10', 'scam');
INSERT INTO report (reportID, userID, logID, modID, content) VALUES ('32', '15', '59', '5', 'malicious');
INSERT INTO report (reportID, userID, logID, modID, content) VALUES ('33', '13', '75', '44', 'harassment');
INSERT INTO report (reportID, userID, logID, modID, content) VALUES ('34', '10', '51', '35', 'spam');
INSERT INTO report (reportID, userID, logID, modID, content) VALUES ('35', '26', '82', '2', 'scam');
INSERT INTO report (reportID, userID, logID, modID, content) VALUES ('36', '37', '46', '11', 'malicious');
INSERT INTO report (reportID, userID, logID, modID, content) VALUES ('37', '50', '40', '15', 'harassment');
INSERT INTO report (reportID, userID, logID, modID, content) VALUES ('38', '3', '75', '54', 'spam');
INSERT INTO report (reportID, userID, logID, modID, content) VALUES ('39', '47', '7', '40', 'scam');
INSERT INTO report (reportID, userID, logID, modID, content) VALUES ('40', '31', '45', '27', 'malicious');

INSERT INTO reward (rewardID, lostReportID, rewardAmount) VALUES ('1', '1', '8');
INSERT INTO reward (rewardID, lostReportID, rewardAmount) VALUES ('2', '2', '30');
INSERT INTO reward (rewardID, lostReportID, rewardAmount) VALUES ('3', '3', '21');
INSERT INTO reward (rewardID, lostReportID, rewardAmount) VALUES ('4', '4', '25');
INSERT INTO reward (rewardID, lostReportID, rewardAmount) VALUES ('5', '5', '30');
INSERT INTO reward (rewardID, lostReportID, rewardAmount) VALUES ('6', '6', '8');
INSERT INTO reward (rewardID, lostReportID, rewardAmount) VALUES ('7', '7', '37');
INSERT INTO reward (rewardID, lostReportID, rewardAmount) VALUES ('8', '8', '49');
INSERT INTO reward (rewardID, lostReportID, rewardAmount) VALUES ('9', '9', '22');
INSERT INTO reward (rewardID, lostReportID, rewardAmount) VALUES ('10', '10', '38');
INSERT INTO reward (rewardID, lostReportID, rewardAmount) VALUES ('11', '11', '43');
INSERT INTO reward (rewardID, lostReportID, rewardAmount) VALUES ('12', '12', '33');
INSERT INTO reward (rewardID, lostReportID, rewardAmount) VALUES ('13', '13', '25');
INSERT INTO reward (rewardID, lostReportID, rewardAmount) VALUES ('14', '14', '33');
INSERT INTO reward (rewardID, lostReportID, rewardAmount) VALUES ('15', '15', '5');
INSERT INTO reward (rewardID, lostReportID, rewardAmount) VALUES ('16', '16', '29');
INSERT INTO reward (rewardID, lostReportID, rewardAmount) VALUES ('17', '17', '50');
INSERT INTO reward (rewardID, lostReportID, rewardAmount) VALUES ('18', '18', '14');
INSERT INTO reward (rewardID, lostReportID, rewardAmount) VALUES ('19', '19', '37');
INSERT INTO reward (rewardID, lostReportID, rewardAmount) VALUES ('20', '20', '40');
INSERT INTO reward (rewardID, lostReportID, rewardAmount) VALUES ('21', '21', '46');
INSERT INTO reward (rewardID, lostReportID, rewardAmount) VALUES ('22', '22', '49');
INSERT INTO reward (rewardID, lostReportID, rewardAmount) VALUES ('23', '23', '14');
INSERT INTO reward (rewardID, lostReportID, rewardAmount) VALUES ('24', '24', '18');
INSERT INTO reward (rewardID, lostReportID, rewardAmount) VALUES ('25', '25', '47');
INSERT INTO reward (rewardID, lostReportID, rewardAmount) VALUES ('26', '26', '49');
INSERT INTO reward (rewardID, lostReportID, rewardAmount) VALUES ('27', '27', '16');
INSERT INTO reward (rewardID, lostReportID, rewardAmount) VALUES ('28', '28', '47');
INSERT INTO reward (rewardID, lostReportID, rewardAmount) VALUES ('29', '29', '6');
INSERT INTO reward (rewardID, lostReportID, rewardAmount) VALUES ('30', '30', '28');
INSERT INTO reward (rewardID, lostReportID, rewardAmount) VALUES ('31', '31', '34');
INSERT INTO reward (rewardID, lostReportID, rewardAmount) VALUES ('32', '32', '47');
INSERT INTO reward (rewardID, lostReportID, rewardAmount) VALUES ('33', '33', '13');
INSERT INTO reward (rewardID, lostReportID, rewardAmount) VALUES ('34', '34', '21');
INSERT INTO reward (rewardID, lostReportID, rewardAmount) VALUES ('35', '35', '45');

INSERT INTO settings (value, adminID, settingID) VALUES ('Off', '4', '1');
INSERT INTO settings (value, adminID, settingID) VALUES ('Off', '9', '2');
INSERT INTO settings (value, adminID, settingID) VALUES ('On', '3', '3');
INSERT INTO settings (value, adminID, settingID) VALUES ('On', '1', '4');
INSERT INTO settings (value, adminID, settingID) VALUES ('On', '0', '5');
INSERT INTO settings (value, adminID, settingID) VALUES ('Off', '5', '6');
INSERT INTO settings (value, adminID, settingID) VALUES ('On', '9', '7');
INSERT INTO settings (value, adminID, settingID) VALUES ('Off', '5', '8');
INSERT INTO settings (value, adminID, settingID) VALUES ('On', '9', '9');
INSERT INTO settings (value, adminID, settingID) VALUES ('Off', '7', '10');
INSERT INTO settings (value, adminID, settingID) VALUES ('On', '1', '11');
INSERT INTO settings (value, adminID, settingID) VALUES ('Off', '2', '12');
INSERT INTO settings (value, adminID, settingID) VALUES ('Off', '0', '13');
INSERT INTO settings (value, adminID, settingID) VALUES ('On', '8', '14');
INSERT INTO settings (value, adminID, settingID) VALUES ('On', '2', '15');
INSERT INTO settings (value, adminID, settingID) VALUES ('On', '10', '16');
INSERT INTO settings (value, adminID, settingID) VALUES ('Off', '0', '17');
INSERT INTO settings (value, adminID, settingID) VALUES ('Off', '6', '18');
INSERT INTO settings (value, adminID, settingID) VALUES ('On', '5', '19');
INSERT INTO settings (value, adminID, settingID) VALUES ('On', '10', '20');

INSERT INTO storage_location (shelfNumber, storageLocationID) VALUES ('Shelf B', '1');
INSERT INTO storage_location (shelfNumber, storageLocationID) VALUES ('Shelf A', '2');
INSERT INTO storage_location (shelfNumber, storageLocationID) VALUES ('Cabinet A', '3');
INSERT INTO storage_location (shelfNumber, storageLocationID) VALUES ('Drawer C', '4');
INSERT INTO storage_location (shelfNumber, storageLocationID) VALUES ('Shelf C', '5');
INSERT INTO storage_location (shelfNumber, storageLocationID) VALUES ('Shelf B', '6');
INSERT INTO storage_location (shelfNumber, storageLocationID) VALUES ('Shelf A', '7');
INSERT INTO storage_location (shelfNumber, storageLocationID) VALUES ('Cabinet A', '8');
INSERT INTO storage_location (shelfNumber, storageLocationID) VALUES ('Drawer C', '9');
INSERT INTO storage_location (shelfNumber, storageLocationID) VALUES ('Shelf C', '10');

INSERT INTO usage_stats (activeUsers, sumbissions, analyticsID, usageID) VALUES ('37', '25', '50', '1');
INSERT INTO usage_stats (activeUsers, sumbissions, analyticsID, usageID) VALUES ('17', '12', '1', '2');
INSERT INTO usage_stats (activeUsers, sumbissions, analyticsID, usageID) VALUES ('34', '24', '97', '3');
INSERT INTO usage_stats (activeUsers, sumbissions, analyticsID, usageID) VALUES ('20', '13', '153', '4');
INSERT INTO usage_stats (activeUsers, sumbissions, analyticsID, usageID) VALUES ('42', '25', '39', '5');
INSERT INTO usage_stats (activeUsers, sumbissions, analyticsID, usageID) VALUES ('39', '20', '5', '6');
INSERT INTO usage_stats (activeUsers, sumbissions, analyticsID, usageID) VALUES ('23', '16', '168', '7');
INSERT INTO usage_stats (activeUsers, sumbissions, analyticsID, usageID) VALUES ('40', '18', '131', '8');
INSERT INTO usage_stats (activeUsers, sumbissions, analyticsID, usageID) VALUES ('29', '13', '121', '9');
INSERT INTO usage_stats (activeUsers, sumbissions, analyticsID, usageID) VALUES ('22', '14', '134', '10');
INSERT INTO usage_stats (activeUsers, sumbissions, analyticsID, usageID) VALUES ('38', '24', '199', '11');
INSERT INTO usage_stats (activeUsers, sumbissions, analyticsID, usageID) VALUES ('44', '14', '84', '12');
INSERT INTO usage_stats (activeUsers, sumbissions, analyticsID, usageID) VALUES ('22', '17', '73', '13');
INSERT INTO usage_stats (activeUsers, sumbissions, analyticsID, usageID) VALUES ('44', '24', '26', '14');
INSERT INTO usage_stats (activeUsers, sumbissions, analyticsID, usageID) VALUES ('33', '13', '158', '15');
INSERT INTO usage_stats (activeUsers, sumbissions, analyticsID, usageID) VALUES ('42', '22', '47', '16');
INSERT INTO usage_stats (activeUsers, sumbissions, analyticsID, usageID) VALUES ('41', '17', '88', '17');
INSERT INTO usage_stats (activeUsers, sumbissions, analyticsID, usageID) VALUES ('34', '13', '56', '18');
INSERT INTO usage_stats (activeUsers, sumbissions, analyticsID, usageID) VALUES ('32', '20', '190', '19');
INSERT INTO usage_stats (activeUsers, sumbissions, analyticsID, usageID) VALUES ('20', '14', '141', '20');
INSERT INTO usage_stats (activeUsers, sumbissions, analyticsID, usageID) VALUES ('28', '24', '27', '21');
INSERT INTO usage_stats (activeUsers, sumbissions, analyticsID, usageID) VALUES ('44', '12', '20', '22');
INSERT INTO usage_stats (activeUsers, sumbissions, analyticsID, usageID) VALUES ('20', '17', '173', '23');
INSERT INTO usage_stats (activeUsers, sumbissions, analyticsID, usageID) VALUES ('38', '18', '192', '24');
INSERT INTO usage_stats (activeUsers, sumbissions, analyticsID, usageID) VALUES ('15', '10', '110', '25');
INSERT INTO usage_stats (activeUsers, sumbissions, analyticsID, usageID) VALUES ('15', '12', '9', '26');
INSERT INTO usage_stats (activeUsers, sumbissions, analyticsID, usageID) VALUES ('23', '16', '195', '27');
INSERT INTO usage_stats (activeUsers, sumbissions, analyticsID, usageID) VALUES ('30', '17', '100', '28');
INSERT INTO usage_stats (activeUsers, sumbissions, analyticsID, usageID) VALUES ('44', '15', '39', '29');
INSERT INTO usage_stats (activeUsers, sumbissions, analyticsID, usageID) VALUES ('18', '11', '158', '30');
INSERT INTO usage_stats (activeUsers, sumbissions, analyticsID, usageID) VALUES ('28', '14', '96', '31');
INSERT INTO usage_stats (activeUsers, sumbissions, analyticsID, usageID) VALUES ('15', '22', '141', '32');
INSERT INTO usage_stats (activeUsers, sumbissions, analyticsID, usageID) VALUES ('42', '19', '185', '33');
INSERT INTO usage_stats (activeUsers, sumbissions, analyticsID, usageID) VALUES ('30', '24', '44', '34');
INSERT INTO usage_stats (activeUsers, sumbissions, analyticsID, usageID) VALUES ('23', '22', '107', '35');
INSERT INTO usage_stats (activeUsers, sumbissions, analyticsID, usageID) VALUES ('15', '19', '122', '36');
INSERT INTO usage_stats (activeUsers, sumbissions, analyticsID, usageID) VALUES ('24', '16', '11', '37');
INSERT INTO usage_stats (activeUsers, sumbissions, analyticsID, usageID) VALUES ('45', '24', '84', '38');
INSERT INTO usage_stats (activeUsers, sumbissions, analyticsID, usageID) VALUES ('31', '18', '140', '39');
INSERT INTO usage_stats (activeUsers, sumbissions, analyticsID, usageID) VALUES ('28', '15', '187', '40');
INSERT INTO usage_stats (activeUsers, sumbissions, analyticsID, usageID) VALUES ('18', '18', '80', '41');
INSERT INTO usage_stats (activeUsers, sumbissions, analyticsID, usageID) VALUES ('29', '10', '49', '42');
INSERT INTO usage_stats (activeUsers, sumbissions, analyticsID, usageID) VALUES ('26', '12', '197', '43');
INSERT INTO usage_stats (activeUsers, sumbissions, analyticsID, usageID) VALUES ('45', '10', '23', '44');
INSERT INTO usage_stats (activeUsers, sumbissions, analyticsID, usageID) VALUES ('45', '21', '57', '45');
INSERT INTO usage_stats (activeUsers, sumbissions, analyticsID, usageID) VALUES ('24', '10', '60', '46');
INSERT INTO usage_stats (activeUsers, sumbissions, analyticsID, usageID) VALUES ('28', '18', '185', '47');
INSERT INTO usage_stats (activeUsers, sumbissions, analyticsID, usageID) VALUES ('33', '25', '39', '48');
INSERT INTO usage_stats (activeUsers, sumbissions, analyticsID, usageID) VALUES ('32', '22', '113', '49');
INSERT INTO usage_stats (activeUsers, sumbissions, analyticsID, usageID) VALUES ('39', '11', '153', '50');

INSERT INTO user_log (logID, adminID, timestamp, activity) VALUES ('1', '7', '2025-03-02', 'lost item');
INSERT INTO user_log (logID, adminID, timestamp, activity) VALUES ('2', '4', '2025-09-08', 'found item');
INSERT INTO user_log (logID, adminID, timestamp, activity) VALUES ('3', '8', '2025-09-22', 'found item');
INSERT INTO user_log (logID, adminID, timestamp, activity) VALUES ('4', '5', '2025-03-16', 'lost item');
INSERT INTO user_log (logID, adminID, timestamp, activity) VALUES ('5', '7', '2025-09-05', 'submit report');
INSERT INTO user_log (logID, adminID, timestamp, activity) VALUES ('6', '8', '2025-04-16', 'submit report');
INSERT INTO user_log (logID, adminID, timestamp, activity) VALUES ('7', '6', '2025-07-19', 'found item');
INSERT INTO user_log (logID, adminID, timestamp, activity) VALUES ('8', '8', '2025-11-07', 'found item');
INSERT INTO user_log (logID, adminID, timestamp, activity) VALUES ('9', '2', '2025-09-13', 'lost item');
INSERT INTO user_log (logID, adminID, timestamp, activity) VALUES ('10', '2', '2025-04-27', 'submit report');
INSERT INTO user_log (logID, adminID, timestamp, activity) VALUES ('11', '9', '2025-07-05', 'found item');
INSERT INTO user_log (logID, adminID, timestamp, activity) VALUES ('12', '3', '2025-09-07', 'lost item');
INSERT INTO user_log (logID, adminID, timestamp, activity) VALUES ('13', '5', '2025-10-24', 'lost item');
INSERT INTO user_log (logID, adminID, timestamp, activity) VALUES ('14', '7', '2025-03-18', 'found item');
INSERT INTO user_log (logID, adminID, timestamp, activity) VALUES ('15', '5', '2025-10-31', 'lost item');
INSERT INTO user_log (logID, adminID, timestamp, activity) VALUES ('16', '1', '2025-12-02', 'lost item');
INSERT INTO user_log (logID, adminID, timestamp, activity) VALUES ('17', '8', '2025-11-01', 'lost item');
INSERT INTO user_log (logID, adminID, timestamp, activity) VALUES ('18', '8', '2025-02-23', 'found item');
INSERT INTO user_log (logID, adminID, timestamp, activity) VALUES ('19', '10', '2025-06-04', 'lost item');
INSERT INTO user_log (logID, adminID, timestamp, activity) VALUES ('20', '4', '2025-10-31', 'submit report');
INSERT INTO user_log (logID, adminID, timestamp, activity) VALUES ('21', '8', '2025-06-24', 'found item');
INSERT INTO user_log (logID, adminID, timestamp, activity) VALUES ('22', '6', '2025-01-28', 'submit report');
INSERT INTO user_log (logID, adminID, timestamp, activity) VALUES ('23', '3', '2025-03-23', 'lost item');
INSERT INTO user_log (logID, adminID, timestamp, activity) VALUES ('24', '4', '2025-05-05', 'found item');
INSERT INTO user_log (logID, adminID, timestamp, activity) VALUES ('25', '2', '2025-04-22', 'lost item');
INSERT INTO user_log (logID, adminID, timestamp, activity) VALUES ('26', '3', '2025-07-06', 'found item');
INSERT INTO user_log (logID, adminID, timestamp, activity) VALUES ('27', '3', '2025-02-20', 'submit report');
INSERT INTO user_log (logID, adminID, timestamp, activity) VALUES ('28', '3', '2025-06-29', 'lost item');
INSERT INTO user_log (logID, adminID, timestamp, activity) VALUES ('29', '3', '2025-03-07', 'lost item');
INSERT INTO user_log (logID, adminID, timestamp, activity) VALUES ('30', '3', '2024-12-08', 'submit report');
INSERT INTO user_log (logID, adminID, timestamp, activity) VALUES ('31', '3', '2025-01-24', 'lost item');
INSERT INTO user_log (logID, adminID, timestamp, activity) VALUES ('32', '1', '2025-04-20', 'submit report');
INSERT INTO user_log (logID, adminID, timestamp, activity) VALUES ('33', '7', '2025-07-19', 'lost item');
INSERT INTO user_log (logID, adminID, timestamp, activity) VALUES ('34', '10', '2025-03-10', 'found item');
INSERT INTO user_log (logID, adminID, timestamp, activity) VALUES ('35', '3', '2025-06-17', 'submit report');
INSERT INTO user_log (logID, adminID, timestamp, activity) VALUES ('36', '10', '2025-04-29', 'found item');
INSERT INTO user_log (logID, adminID, timestamp, activity) VALUES ('37', '6', '2025-09-11', 'submit report');
INSERT INTO user_log (logID, adminID, timestamp, activity) VALUES ('38', '9', '2025-11-27', 'found item');
INSERT INTO user_log (logID, adminID, timestamp, activity) VALUES ('39', '6', '2025-09-23', 'found item');
INSERT INTO user_log (logID, adminID, timestamp, activity) VALUES ('40', '10', '2025-07-08', 'found item');
INSERT INTO user_log (logID, adminID, timestamp, activity) VALUES ('41', '9', '2025-03-22', 'found item');
INSERT INTO user_log (logID, adminID, timestamp, activity) VALUES ('42', '5', '2025-05-03', 'submit report');
INSERT INTO user_log (logID, adminID, timestamp, activity) VALUES ('43', '2', '2025-10-31', 'lost item');
INSERT INTO user_log (logID, adminID, timestamp, activity) VALUES ('44', '4', '2025-04-07', 'submit report');
INSERT INTO user_log (logID, adminID, timestamp, activity) VALUES ('45', '1', '2025-07-01', 'lost item');
INSERT INTO user_log (logID, adminID, timestamp, activity) VALUES ('46', '10', '2025-02-25', 'lost item');
INSERT INTO user_log (logID, adminID, timestamp, activity) VALUES ('47', '5', '2025-01-30', 'submit report');
INSERT INTO user_log (logID, adminID, timestamp, activity) VALUES ('48', '9', '2025-09-21', 'lost item');
INSERT INTO user_log (logID, adminID, timestamp, activity) VALUES ('49', '9', '2025-01-30', 'lost item');
INSERT INTO user_log (logID, adminID, timestamp, activity) VALUES ('50', '4', '2025-03-29', 'found item');
INSERT INTO user_log (logID, adminID, timestamp, activity) VALUES ('51', '4', '2025-02-23', 'found item');
INSERT INTO user_log (logID, adminID, timestamp, activity) VALUES ('52', '4', '2025-04-25', 'lost item');
INSERT INTO user_log (logID, adminID, timestamp, activity) VALUES ('53', '2', '2025-06-07', 'lost item');
INSERT INTO user_log (logID, adminID, timestamp, activity) VALUES ('54', '10', '2025-07-05', 'submit report');
INSERT INTO user_log (logID, adminID, timestamp, activity) VALUES ('55', '5', '2025-03-10', 'found item');
INSERT INTO user_log (logID, adminID, timestamp, activity) VALUES ('56', '9', '2025-05-12', 'found item');
INSERT INTO user_log (logID, adminID, timestamp, activity) VALUES ('57', '1', '2025-05-16', 'found item');
INSERT INTO user_log (logID, adminID, timestamp, activity) VALUES ('58', '5', '2025-07-19', 'found item');
INSERT INTO user_log (logID, adminID, timestamp, activity) VALUES ('59', '1', '2025-05-18', 'submit report');
INSERT INTO user_log (logID, adminID, timestamp, activity) VALUES ('60', '3', '2025-11-06', 'found item');
INSERT INTO user_log (logID, adminID, timestamp, activity) VALUES ('61', '8', '2025-05-14', 'submit report');
INSERT INTO user_log (logID, adminID, timestamp, activity) VALUES ('62', '4', '2024-12-30', 'submit report');
INSERT INTO user_log (logID, adminID, timestamp, activity) VALUES ('63', '2', '2025-09-04', 'lost item');
INSERT INTO user_log (logID, adminID, timestamp, activity) VALUES ('64', '4', '2024-12-12', 'submit report');
INSERT INTO user_log (logID, adminID, timestamp, activity) VALUES ('65', '5', '2025-04-14', 'submit report');
INSERT INTO user_log (logID, adminID, timestamp, activity) VALUES ('66', '3', '2025-04-17', 'found item');
INSERT INTO user_log (logID, adminID, timestamp, activity) VALUES ('67', '10', '2025-07-10', 'found item');
INSERT INTO user_log (logID, adminID, timestamp, activity) VALUES ('68', '4', '2024-12-31', 'submit report');
INSERT INTO user_log (logID, adminID, timestamp, activity) VALUES ('69', '6', '2025-08-02', 'found item');
INSERT INTO user_log (logID, adminID, timestamp, activity) VALUES ('70', '9', '2025-01-19', 'found item');
INSERT INTO user_log (logID, adminID, timestamp, activity) VALUES ('71', '9', '2025-11-24', 'lost item');
INSERT INTO user_log (logID, adminID, timestamp, activity) VALUES ('72', '5', '2025-10-13', 'found item');
INSERT INTO user_log (logID, adminID, timestamp, activity) VALUES ('73', '2', '2025-02-18', 'found item');
INSERT INTO user_log (logID, adminID, timestamp, activity) VALUES ('74', '6', '2025-07-11', 'submit report');
INSERT INTO user_log (logID, adminID, timestamp, activity) VALUES ('75', '3', '2025-03-16', 'lost item');
INSERT INTO user_log (logID, adminID, timestamp, activity) VALUES ('76', '3', '2025-08-08', 'lost item');
INSERT INTO user_log (logID, adminID, timestamp, activity) VALUES ('77', '1', '2025-09-14', 'lost item');
INSERT INTO user_log (logID, adminID, timestamp, activity) VALUES ('78', '6', '2025-03-15', 'found item');
INSERT INTO user_log (logID, adminID, timestamp, activity) VALUES ('79', '6', '2025-05-02', 'lost item');
INSERT INTO user_log (logID, adminID, timestamp, activity) VALUES ('80', '6', '2025-08-27', 'submit report');
INSERT INTO user_log (logID, adminID, timestamp, activity) VALUES ('81', '6', '2025-11-24', 'found item');
INSERT INTO user_log (logID, adminID, timestamp, activity) VALUES ('82', '4', '2025-10-15', 'submit report');
INSERT INTO user_log (logID, adminID, timestamp, activity) VALUES ('83', '3', '2025-09-17', 'submit report');
INSERT INTO user_log (logID, adminID, timestamp, activity) VALUES ('84', '2', '2025-10-21', 'found item');
INSERT INTO user_log (logID, adminID, timestamp, activity) VALUES ('85', '4', '2025-03-17', 'lost item');
INSERT INTO user_log (logID, adminID, timestamp, activity) VALUES ('86', '6', '2025-07-26', 'lost item');
INSERT INTO user_log (logID, adminID, timestamp, activity) VALUES ('87', '3', '2025-05-03', 'submit report');
INSERT INTO user_log (logID, adminID, timestamp, activity) VALUES ('88', '9', '2025-10-19', 'found item');
INSERT INTO user_log (logID, adminID, timestamp, activity) VALUES ('89', '7', '2025-10-25', 'found item');
INSERT INTO user_log (logID, adminID, timestamp, activity) VALUES ('90', '9', '2025-06-03', 'lost item');
INSERT INTO user_log (logID, adminID, timestamp, activity) VALUES ('91', '5', '2025-02-05', 'lost item');
INSERT INTO user_log (logID, adminID, timestamp, activity) VALUES ('92', '9', '2024-12-16', 'found item');
INSERT INTO user_log (logID, adminID, timestamp, activity) VALUES ('93', '10', '2025-02-22', 'lost item');
INSERT INTO user_log (logID, adminID, timestamp, activity) VALUES ('94', '8', '2025-03-14', 'lost item');
INSERT INTO user_log (logID, adminID, timestamp, activity) VALUES ('95', '3', '2025-08-28', 'lost item');
INSERT INTO user_log (logID, adminID, timestamp, activity) VALUES ('96', '2', '2025-07-29', 'lost item');
INSERT INTO user_log (logID, adminID, timestamp, activity) VALUES ('97', '9', '2025-08-23', 'lost item');
INSERT INTO user_log (logID, adminID, timestamp, activity) VALUES ('98', '4', '2025-11-18', 'submit report');
INSERT INTO user_log (logID, adminID, timestamp, activity) VALUES ('99', '1', '2025-04-11', 'found item');
INSERT INTO user_log (logID, adminID, timestamp, activity) VALUES ('100', '3', '2025-09-10', 'submit report');

INSERT INTO user (userID, name, email, phoneNumber, accStatus) VALUES ('1', 'Ham Prestie', 'hprestie0@youtube.com', '503-668-7625', 'false');
INSERT INTO user (userID, name, email, phoneNumber, accStatus) VALUES ('2', 'Gussie Crissil', 'gcrissil1@bizjournals.com', '887-459-9359', 'false');
INSERT INTO user (userID, name, email, phoneNumber, accStatus) VALUES ('3', 'Slade Randal', 'srandal2@webeden.co.uk', '838-332-3312', 'true');
INSERT INTO user (userID, name, email, phoneNumber, accStatus) VALUES ('4', 'Teddi Gaiter', 'tgaiter3@ucoz.ru', '824-298-6488', 'true');
INSERT INTO user (userID, name, email, phoneNumber, accStatus) VALUES ('5', 'Maegan Dibble', 'mdibble4@washingtonpost.com', '910-739-5868', 'false');
INSERT INTO user (userID, name, email, phoneNumber, accStatus) VALUES ('6', 'Gardner Comfort', 'gcomfort5@domainmarket.com', '921-717-6256', 'false');
INSERT INTO user (userID, name, email, phoneNumber, accStatus) VALUES ('7', 'Arne Cicero', 'acicero6@businessinsider.com', '693-331-8441', 'true');
INSERT INTO user (userID, name, email, phoneNumber, accStatus) VALUES ('8', 'Sidney Delahunt', 'sdelahunt7@pinterest.com', '158-279-3459', 'false');
INSERT INTO user (userID, name, email, phoneNumber, accStatus) VALUES ('9', 'Bern Whittier', 'bwhittier8@sakura.ne.jp', '936-935-4236', 'false');
INSERT INTO user (userID, name, email, phoneNumber, accStatus) VALUES ('10', 'Levin Callaway', 'lcallaway9@ted.com', '647-956-5986', 'false');
INSERT INTO user (userID, name, email, phoneNumber, accStatus) VALUES ('11', 'Wilmer Cannavan', 'wcannavana@acquirethisname.com', '269-153-5440', 'true');
INSERT INTO user (userID, name, email, phoneNumber, accStatus) VALUES ('12', 'Drusilla Heber', 'dheberb@bbb.org', '666-946-4862', 'true');
INSERT INTO user (userID, name, email, phoneNumber, accStatus) VALUES ('13', 'Carmina Drage', 'cdragec@devhub.com', '941-625-9479', 'false');
INSERT INTO user (userID, name, email, phoneNumber, accStatus) VALUES ('14', 'Archaimbaud Gameson', 'agamesond@discovery.com', '316-464-9008', 'false');
INSERT INTO user (userID, name, email, phoneNumber, accStatus) VALUES ('15', 'Rick Shilton', 'rshiltone@linkedin.com', '295-747-2189', 'true');
INSERT INTO user (userID, name, email, phoneNumber, accStatus) VALUES ('16', 'Christen Lade', 'cladef@digg.com', '946-902-4792', 'false');
INSERT INTO user (userID, name, email, phoneNumber, accStatus) VALUES ('17', 'Pavel Butson', 'pbutsong@lulu.com', '164-271-1488', 'false');
INSERT INTO user (userID, name, email, phoneNumber, accStatus) VALUES ('18', 'Lebbie Fursse', 'lfursseh@clickbank.net', '789-397-1326', 'true');
INSERT INTO user (userID, name, email, phoneNumber, accStatus) VALUES ('19', 'Berti McGorman', 'bmcgormani@japanpost.jp', '736-396-0093', 'true');
INSERT INTO user (userID, name, email, phoneNumber, accStatus) VALUES ('20', 'Karl Hammon', 'khammonj@home.pl', '765-200-4317', 'false');
INSERT INTO user (userID, name, email, phoneNumber, accStatus) VALUES ('21', 'Katuscha Bohin', 'kbohink@msu.edu', '112-797-2997', 'true');
INSERT INTO user (userID, name, email, phoneNumber, accStatus) VALUES ('22', 'Raynor Pechan', 'rpechanl@nba.com', '506-177-8323', 'false');
INSERT INTO user (userID, name, email, phoneNumber, accStatus) VALUES ('23', 'Moises Braunlein', 'mbraunleinm@aboutads.info', '223-753-6669', 'true');
INSERT INTO user (userID, name, email, phoneNumber, accStatus) VALUES ('24', 'Wes Gabits', 'wgabitsn@china.com.cn', '708-824-7106', 'true');
INSERT INTO user (userID, name, email, phoneNumber, accStatus) VALUES ('25', 'Artair Robson', 'arobsono@bandcamp.com', '613-986-2912', 'false');
INSERT INTO user (userID, name, email, phoneNumber, accStatus) VALUES ('26', 'Ernie Gibbs', 'egibbsp@ocn.ne.jp', '513-458-3554', 'false');
INSERT INTO user (userID, name, email, phoneNumber, accStatus) VALUES ('27', 'Myrah Tiuit', 'mtiuitq@fda.gov', '414-638-8057', 'false');
INSERT INTO user (userID, name, email, phoneNumber, accStatus) VALUES ('28', 'Antonetta Jarmyn', 'ajarmynr@github.io', '216-296-0444', 'false');
INSERT INTO user (userID, name, email, phoneNumber, accStatus) VALUES ('29', 'Jolynn Organer', 'jorganers@un.org', '216-556-6529', 'false');
INSERT INTO user (userID, name, email, phoneNumber, accStatus) VALUES ('30', 'Barb Lenthall', 'blenthallt@tripadvisor.com', '915-552-2203', 'true');
INSERT INTO user (userID, name, email, phoneNumber, accStatus) VALUES ('31', 'Gloria Dalston', 'gdalstonu@wikia.com', '674-353-1817', 'false');
INSERT INTO user (userID, name, email, phoneNumber, accStatus) VALUES ('32', 'Linn Espinel', 'lespinelv@kickstarter.com', '919-887-2066', 'false');
INSERT INTO user (userID, name, email, phoneNumber, accStatus) VALUES ('33', 'Bernete Tamburi', 'btamburiw@bluehost.com', '336-673-8385', 'true');
INSERT INTO user (userID, name, email, phoneNumber, accStatus) VALUES ('34', 'Lizabeth Bever', 'lbeverx@fda.gov', '352-632-4019', 'true');
INSERT INTO user (userID, name, email, phoneNumber, accStatus) VALUES ('35', 'Myron Marde', 'mmardey@bbb.org', '954-298-7314', 'true');
INSERT INTO user (userID, name, email, phoneNumber, accStatus) VALUES ('36', 'Sarette Parbrook', 'sparbrookz@youtu.be', '477-231-9881', 'false');
INSERT INTO user (userID, name, email, phoneNumber, accStatus) VALUES ('37', 'Gleda Anniwell', 'ganniwell10@bbb.org', '187-568-9512', 'true');
INSERT INTO user (userID, name, email, phoneNumber, accStatus) VALUES ('38', 'Vivianna Mathet', 'vmathet11@icio.us', '573-857-9807', 'false');
INSERT INTO user (userID, name, email, phoneNumber, accStatus) VALUES ('39', 'Humfried Claydon', 'hclaydon12@tiny.cc', '813-939-8297', 'false');
INSERT INTO user (userID, name, email, phoneNumber, accStatus) VALUES ('40', 'Birgitta Westcot', 'bwestcot13@oakley.com', '900-648-5816', 'true');
INSERT INTO user (userID, name, email, phoneNumber, accStatus) VALUES ('41', 'Olga Truin', 'otruin14@cyberchimps.com', '577-328-0389', 'false');
INSERT INTO user (userID, name, email, phoneNumber, accStatus) VALUES ('42', 'Flynn Pimlett', 'fpimlett15@psu.edu', '781-631-8812', 'false');
INSERT INTO user (userID, name, email, phoneNumber, accStatus) VALUES ('43', 'Gabbie Savatier', 'gsavatier16@nature.com', '659-168-5534', 'false');
INSERT INTO user (userID, name, email, phoneNumber, accStatus) VALUES ('44', 'Theodor Whitehead', 'twhitehead17@ftc.gov', '414-927-0970', 'true');
INSERT INTO user (userID, name, email, phoneNumber, accStatus) VALUES ('45', 'Vivia Bristow', 'vbristow18@rakuten.co.jp', '693-676-2082', 'false');
INSERT INTO user (userID, name, email, phoneNumber, accStatus) VALUES ('46', 'Elmira Perone', 'eperone19@squarespace.com', '544-908-7151', 'true');
INSERT INTO user (userID, name, email, phoneNumber, accStatus) VALUES ('47', 'Elsie Jakaway', 'ejakaway1a@chicagotribune.com', '804-181-0726', 'true');
INSERT INTO user (userID, name, email, phoneNumber, accStatus) VALUES ('48', 'Valerye Youd', 'vyoud1b@ftc.gov', '258-691-2356', 'false');
INSERT INTO user (userID, name, email, phoneNumber, accStatus) VALUES ('49', 'Myrta Gosse', 'mgosse1c@w3.org', '117-697-2125', 'false');
INSERT INTO user (userID, name, email, phoneNumber, accStatus) VALUES ('50', 'Karlee Lethbridge', 'klethbridge1d@army.mil', '321-910-8381', 'true');