USE foundit;

INSERT INTO admin (adminID, email) VALUES ('1', 'ariepl0@lulu.com');
INSERT INTO admin (adminID, email) VALUES ('2', 'rkitchener1@oakley.com');
INSERT INTO admin (adminID, email) VALUES ('3', 'aitter2@clickbank.net');
INSERT INTO admin (adminID, email) VALUES ('4', 'purion3@seesaa.net');
INSERT INTO admin (adminID, email) VALUES ('5', 'acleworth4@people.com.cn');
INSERT INTO admin (adminID, email) VALUES ('6', 'jstaines5@springer.com');
INSERT INTO admin (adminID, email) VALUES ('7', 'mgingell6@omniture.com');
INSERT INTO admin (adminID, email) VALUES ('8', 'teltone7@example.com');
INSERT INTO admin (adminID, email) VALUES ('9', 'ltrace8@ebay.co.uk');
INSERT INTO admin (adminID, email) VALUES ('10', 'dwhetnall9@w3.org');

INSERT INTO analytics (timestamp, adminID, analyticsID) VALUES ('2025-06-30 00:00:00', 4, 1);
INSERT INTO analytics (timestamp, adminID, analyticsID) VALUES ('2025-05-18 00:00:00', 7, 2);
INSERT INTO analytics (timestamp, adminID, analyticsID) VALUES ('2025-04-29 00:00:00', 5, 3);
INSERT INTO analytics (timestamp, adminID, analyticsID) VALUES ('2025-10-19 00:00:00', 6, 4);
INSERT INTO analytics (timestamp, adminID, analyticsID) VALUES ('2025-04-02 00:00:00', 8, 5);
INSERT INTO analytics (timestamp, adminID, analyticsID) VALUES ('2025-09-10 00:00:00', 3, 6);
INSERT INTO analytics (timestamp, adminID, analyticsID) VALUES ('2025-02-09 00:00:00', 8, 7);
INSERT INTO analytics (timestamp, adminID, analyticsID) VALUES ('2025-06-22 00:00:00', 5, 8);
INSERT INTO analytics (timestamp, adminID, analyticsID) VALUES ('2025-08-17 00:00:00', 5, 9);
INSERT INTO analytics (timestamp, adminID, analyticsID) VALUES ('2025-10-07 00:00:00', 5, 10);
INSERT INTO analytics (timestamp, adminID, analyticsID) VALUES ('2025-11-06 00:00:00', 7, 11);
INSERT INTO analytics (timestamp, adminID, analyticsID) VALUES ('2025-11-04 00:00:00', 2, 12);
INSERT INTO analytics (timestamp, adminID, analyticsID) VALUES ('2025-03-31 00:00:00', 8, 13);
INSERT INTO analytics (timestamp, adminID, analyticsID) VALUES ('2025-02-13 00:00:00', 4, 14);
INSERT INTO analytics (timestamp, adminID, analyticsID) VALUES ('2025-04-26 00:00:00', 4, 15);
INSERT INTO analytics (timestamp, adminID, analyticsID) VALUES ('2025-01-03 00:00:00', 10, 16);
INSERT INTO analytics (timestamp, adminID, analyticsID) VALUES ('2025-05-15 00:00:00', 2, 17);
INSERT INTO analytics (timestamp, adminID, analyticsID) VALUES ('2025-10-10 00:00:00', 4, 18);
INSERT INTO analytics (timestamp, adminID, analyticsID) VALUES ('2024-12-25 00:00:00', 1, 19);
INSERT INTO analytics (timestamp, adminID, analyticsID) VALUES ('2025-09-20 00:00:00', 4, 20);
INSERT INTO analytics (timestamp, adminID, analyticsID) VALUES ('2024-12-12 00:00:00', 2, 21);
INSERT INTO analytics (timestamp, adminID, analyticsID) VALUES ('2025-04-11 00:00:00', 10, 22);
INSERT INTO analytics (timestamp, adminID, analyticsID) VALUES ('2025-04-21 00:00:00', 9, 23);
INSERT INTO analytics (timestamp, adminID, analyticsID) VALUES ('2024-12-26 00:00:00', 9, 24);
INSERT INTO analytics (timestamp, adminID, analyticsID) VALUES ('2025-05-07 00:00:00', 9, 25);
INSERT INTO analytics (timestamp, adminID, analyticsID) VALUES ('2025-06-02 00:00:00', 9, 26);
INSERT INTO analytics (timestamp, adminID, analyticsID) VALUES ('2025-10-01 00:00:00', 8, 27);
INSERT INTO analytics (timestamp, adminID, analyticsID) VALUES ('2025-04-09 00:00:00', 1, 28);
INSERT INTO analytics (timestamp, adminID, analyticsID) VALUES ('2025-08-21 00:00:00', 6, 29);
INSERT INTO analytics (timestamp, adminID, analyticsID) VALUES ('2025-09-10 00:00:00', 8, 30);
INSERT INTO analytics (timestamp, adminID, analyticsID) VALUES ('2025-02-21 00:00:00', 3, 31);
INSERT INTO analytics (timestamp, adminID, analyticsID) VALUES ('2025-10-08 00:00:00', 7, 32);
INSERT INTO analytics (timestamp, adminID, analyticsID) VALUES ('2025-10-11 00:00:00', 3, 33);
INSERT INTO analytics (timestamp, adminID, analyticsID) VALUES ('2025-07-19 00:00:00', 9, 34);
INSERT INTO analytics (timestamp, adminID, analyticsID) VALUES ('2025-02-10 00:00:00', 9, 35);
INSERT INTO analytics (timestamp, adminID, analyticsID) VALUES ('2025-12-04 00:00:00', 4, 36);
INSERT INTO analytics (timestamp, adminID, analyticsID) VALUES ('2025-07-09 00:00:00', 3, 37);
INSERT INTO analytics (timestamp, adminID, analyticsID) VALUES ('2025-05-28 00:00:00', 7, 38);
INSERT INTO analytics (timestamp, adminID, analyticsID) VALUES ('2025-10-29 00:00:00', 8, 39);
INSERT INTO analytics (timestamp, adminID, analyticsID) VALUES ('2025-04-12 00:00:00', 6, 40);
INSERT INTO analytics (timestamp, adminID, analyticsID) VALUES ('2025-06-08 00:00:00', 6, 41);
INSERT INTO analytics (timestamp, adminID, analyticsID) VALUES ('2025-01-15 00:00:00', 3, 42);
INSERT INTO analytics (timestamp, adminID, analyticsID) VALUES ('2024-12-22 00:00:00', 5, 43);
INSERT INTO analytics (timestamp, adminID, analyticsID) VALUES ('2025-09-29 00:00:00', 3, 44);
INSERT INTO analytics (timestamp, adminID, analyticsID) VALUES ('2025-09-14 00:00:00', 3, 45);
INSERT INTO analytics (timestamp, adminID, analyticsID) VALUES ('2025-03-10 00:00:00', 6, 46);
INSERT INTO analytics (timestamp, adminID, analyticsID) VALUES ('2025-03-01 00:00:00', 8, 47);
INSERT INTO analytics (timestamp, adminID, analyticsID) VALUES ('2025-05-05 00:00:00', 2, 48);
INSERT INTO analytics (timestamp, adminID, analyticsID) VALUES ('2025-02-26 00:00:00', 4, 49);
INSERT INTO analytics (timestamp, adminID, analyticsID) VALUES ('2024-12-07 00:00:00', 6, 50);
INSERT INTO analytics (timestamp, adminID, analyticsID) VALUES ('2024-12-19 00:00:00', 5, 51);
INSERT INTO analytics (timestamp, adminID, analyticsID) VALUES ('2025-11-09 00:00:00', 10, 52);
INSERT INTO analytics (timestamp, adminID, analyticsID) VALUES ('2025-01-26 00:00:00', 6, 53);
INSERT INTO analytics (timestamp, adminID, analyticsID) VALUES ('2024-12-14 00:00:00', 6, 54);
INSERT INTO analytics (timestamp, adminID, analyticsID) VALUES ('2025-05-17 00:00:00', 3, 55);
INSERT INTO analytics (timestamp, adminID, analyticsID) VALUES ('2025-05-14 00:00:00', 5, 56);
INSERT INTO analytics (timestamp, adminID, analyticsID) VALUES ('2025-04-22 00:00:00', 7, 57);
INSERT INTO analytics (timestamp, adminID, analyticsID) VALUES ('2025-07-06 00:00:00', 5, 58);
INSERT INTO analytics (timestamp, adminID, analyticsID) VALUES ('2025-07-21 00:00:00', 10, 59);
INSERT INTO analytics (timestamp, adminID, analyticsID) VALUES ('2025-03-13 00:00:00', 2, 60);
INSERT INTO analytics (timestamp, adminID, analyticsID) VALUES ('2025-10-05 00:00:00', 1, 61);
INSERT INTO analytics (timestamp, adminID, analyticsID) VALUES ('2025-03-30 00:00:00', 9, 62);
INSERT INTO analytics (timestamp, adminID, analyticsID) VALUES ('2025-11-30 00:00:00', 3, 63);
INSERT INTO analytics (timestamp, adminID, analyticsID) VALUES ('2025-04-29 00:00:00', 6, 64);
INSERT INTO analytics (timestamp, adminID, analyticsID) VALUES ('2025-08-20 00:00:00', 3, 65);
INSERT INTO analytics (timestamp, adminID, analyticsID) VALUES ('2025-03-28 00:00:00', 7, 66);
INSERT INTO analytics (timestamp, adminID, analyticsID) VALUES ('2025-04-12 00:00:00', 10, 67);
INSERT INTO analytics (timestamp, adminID, analyticsID) VALUES ('2024-12-28 00:00:00', 3, 68);
INSERT INTO analytics (timestamp, adminID, analyticsID) VALUES ('2025-11-26 00:00:00', 6, 69);
INSERT INTO analytics (timestamp, adminID, analyticsID) VALUES ('2025-04-24 00:00:00', 5, 70);
INSERT INTO analytics (timestamp, adminID, analyticsID) VALUES ('2025-06-13 00:00:00', 9, 71);
INSERT INTO analytics (timestamp, adminID, analyticsID) VALUES ('2025-07-21 00:00:00', 1, 72);
INSERT INTO analytics (timestamp, adminID, analyticsID) VALUES ('2025-06-09 00:00:00', 5, 73);
INSERT INTO analytics (timestamp, adminID, analyticsID) VALUES ('2025-07-07 00:00:00', 2, 74);
INSERT INTO analytics (timestamp, adminID, analyticsID) VALUES ('2025-07-29 00:00:00', 9, 75);
INSERT INTO analytics (timestamp, adminID, analyticsID) VALUES ('2025-03-29 00:00:00', 8, 76);
INSERT INTO analytics (timestamp, adminID, analyticsID) VALUES ('2025-09-20 00:00:00', 6, 77);
INSERT INTO analytics (timestamp, adminID, analyticsID) VALUES ('2025-06-15 00:00:00', 3, 78);
INSERT INTO analytics (timestamp, adminID, analyticsID) VALUES ('2025-10-13 00:00:00', 5, 79);
INSERT INTO analytics (timestamp, adminID, analyticsID) VALUES ('2025-02-13 00:00:00', 6, 80);
INSERT INTO analytics (timestamp, adminID, analyticsID) VALUES ('2025-04-03 00:00:00', 5, 81);
INSERT INTO analytics (timestamp, adminID, analyticsID) VALUES ('2025-08-03 00:00:00', 4, 82);
INSERT INTO analytics (timestamp, adminID, analyticsID) VALUES ('2025-06-13 00:00:00', 5, 83);
INSERT INTO analytics (timestamp, adminID, analyticsID) VALUES ('2025-06-01 00:00:00', 4, 84);
INSERT INTO analytics (timestamp, adminID, analyticsID) VALUES ('2025-03-18 00:00:00', 9, 85);
INSERT INTO analytics (timestamp, adminID, analyticsID) VALUES ('2025-10-14 00:00:00', 7, 86);
INSERT INTO analytics (timestamp, adminID, analyticsID) VALUES ('2025-05-08 00:00:00', 3, 87);
INSERT INTO analytics (timestamp, adminID, analyticsID) VALUES ('2025-08-13 00:00:00', 3, 88);
INSERT INTO analytics (timestamp, adminID, analyticsID) VALUES ('2025-10-05 00:00:00', 6, 89);
INSERT INTO analytics (timestamp, adminID, analyticsID) VALUES ('2025-01-16 00:00:00', 7, 90);
INSERT INTO analytics (timestamp, adminID, analyticsID) VALUES ('2024-12-22 00:00:00', 4, 91);
INSERT INTO analytics (timestamp, adminID, analyticsID) VALUES ('2025-10-09 00:00:00', 5, 92);
INSERT INTO analytics (timestamp, adminID, analyticsID) VALUES ('2025-08-22 00:00:00', 4, 93);
INSERT INTO analytics (timestamp, adminID, analyticsID) VALUES ('2025-10-23 00:00:00', 4, 94);
INSERT INTO analytics (timestamp, adminID, analyticsID) VALUES ('2025-12-02 00:00:00', 8, 95);
INSERT INTO analytics (timestamp, adminID, analyticsID) VALUES ('2025-03-29 00:00:00', 10, 96);
INSERT INTO analytics (timestamp, adminID, analyticsID) VALUES ('2025-04-21 00:00:00', 5, 97);
INSERT INTO analytics (timestamp, adminID, analyticsID) VALUES ('2024-12-27 00:00:00', 2, 98);
INSERT INTO analytics (timestamp, adminID, analyticsID) VALUES ('2025-11-17 00:00:00', 5, 99);
INSERT INTO analytics (timestamp, adminID, analyticsID) VALUES ('2025-03-30 00:00:00', 6, 100);
INSERT INTO analytics (timestamp, adminID, analyticsID) VALUES ('2025-05-13 00:00:00', 6, 101);
INSERT INTO analytics (timestamp, adminID, analyticsID) VALUES ('2025-10-03 00:00:00', 8, 102);
INSERT INTO analytics (timestamp, adminID, analyticsID) VALUES ('2024-12-15 00:00:00', 1, 103);
INSERT INTO analytics (timestamp, adminID, analyticsID) VALUES ('2025-04-10 00:00:00', 4, 104);
INSERT INTO analytics (timestamp, adminID, analyticsID) VALUES ('2025-01-23 00:00:00', 5, 105);
INSERT INTO analytics (timestamp, adminID, analyticsID) VALUES ('2025-10-29 00:00:00', 9, 106);
INSERT INTO analytics (timestamp, adminID, analyticsID) VALUES ('2025-01-22 00:00:00', 10, 107);
INSERT INTO analytics (timestamp, adminID, analyticsID) VALUES ('2025-04-08 00:00:00', 5, 108);
INSERT INTO analytics (timestamp, adminID, analyticsID) VALUES ('2025-05-21 00:00:00', 6, 109);
INSERT INTO analytics (timestamp, adminID, analyticsID) VALUES ('2025-11-22 00:00:00', 3, 110);
INSERT INTO analytics (timestamp, adminID, analyticsID) VALUES ('2025-03-09 00:00:00', 8, 111);
INSERT INTO analytics (timestamp, adminID, analyticsID) VALUES ('2025-07-08 00:00:00', 10, 112);
INSERT INTO analytics (timestamp, adminID, analyticsID) VALUES ('2025-11-24 00:00:00', 6, 113);
INSERT INTO analytics (timestamp, adminID, analyticsID) VALUES ('2025-07-25 00:00:00', 1, 114);
INSERT INTO analytics (timestamp, adminID, analyticsID) VALUES ('2025-11-12 00:00:00', 9, 115);
INSERT INTO analytics (timestamp, adminID, analyticsID) VALUES ('2025-10-18 00:00:00', 6, 116);
INSERT INTO analytics (timestamp, adminID, analyticsID) VALUES ('2025-08-18 00:00:00', 10, 117);
INSERT INTO analytics (timestamp, adminID, analyticsID) VALUES ('2025-11-26 00:00:00', 5, 118);
INSERT INTO analytics (timestamp, adminID, analyticsID) VALUES ('2025-03-05 00:00:00', 1, 119);
INSERT INTO analytics (timestamp, adminID, analyticsID) VALUES ('2025-05-09 00:00:00', 1, 120);
INSERT INTO analytics (timestamp, adminID, analyticsID) VALUES ('2025-04-14 00:00:00', 6, 121);
INSERT INTO analytics (timestamp, adminID, analyticsID) VALUES ('2025-04-17 00:00:00', 8, 122);
INSERT INTO analytics (timestamp, adminID, analyticsID) VALUES ('2025-03-28 00:00:00', 8, 123);
INSERT INTO analytics (timestamp, adminID, analyticsID) VALUES ('2025-02-17 00:00:00', 9, 124);
INSERT INTO analytics (timestamp, adminID, analyticsID) VALUES ('2025-02-07 00:00:00', 6, 125);
INSERT INTO analytics (timestamp, adminID, analyticsID) VALUES ('2025-08-23 00:00:00', 5, 126);
INSERT INTO analytics (timestamp, adminID, analyticsID) VALUES ('2025-01-29 00:00:00', 9, 127);
INSERT INTO analytics (timestamp, adminID, analyticsID) VALUES ('2025-10-14 00:00:00', 5, 128);
INSERT INTO analytics (timestamp, adminID, analyticsID) VALUES ('2025-04-27 00:00:00', 3, 129);
INSERT INTO analytics (timestamp, adminID, analyticsID) VALUES ('2025-08-22 00:00:00', 8, 130);
INSERT INTO analytics (timestamp, adminID, analyticsID) VALUES ('2025-09-28 00:00:00', 3, 131);
INSERT INTO analytics (timestamp, adminID, analyticsID) VALUES ('2025-04-13 00:00:00', 4, 132);
INSERT INTO analytics (timestamp, adminID, analyticsID) VALUES ('2025-09-18 00:00:00', 5, 133);
INSERT INTO analytics (timestamp, adminID, analyticsID) VALUES ('2025-10-14 00:00:00', 2, 134);
INSERT INTO analytics (timestamp, adminID, analyticsID) VALUES ('2025-02-06 00:00:00', 1, 135);
INSERT INTO analytics (timestamp, adminID, analyticsID) VALUES ('2025-08-25 00:00:00', 8, 136);
INSERT INTO analytics (timestamp, adminID, analyticsID) VALUES ('2025-02-13 00:00:00', 9, 137);
INSERT INTO analytics (timestamp, adminID, analyticsID) VALUES ('2025-11-11 00:00:00', 5, 138);
INSERT INTO analytics (timestamp, adminID, analyticsID) VALUES ('2025-01-10 00:00:00', 1, 139);
INSERT INTO analytics (timestamp, adminID, analyticsID) VALUES ('2025-02-06 00:00:00', 1, 140);

INSERT INTO category (categoryID, categoryName) VALUES
(1, 'Clothing'),
(2, 'Electronics'),
(3, 'Water bottles'),
(4, 'ID Cards');

INSERT INTO claim_record (claimID, claimDate, claimerEmail, itemID, managerID) VALUES
(729, '2025-04-19 00:00:00', 'wklulisek0@state.tx.us', 1, 1),
(730, '2025-09-22 00:00:00', 'rfreddi1@nyu.edu', 2, 1),
(731, '2025-03-01 00:00:00', 'treymers2@live.com', 3, 2),
(732, '2025-03-12 00:00:00', 'hharmant3@yellowbook.com', 4, 1),
(733, '2025-07-28 00:00:00', 'akibel4@taobao.com', 5, 3),
(734, '2025-09-06 00:00:00', 'ngerson5@ifeng.com', 6, 2),
(735, '2025-07-31 00:00:00', 'jcallway6@webs.com', 7, 2),
(736, '2025-08-14 00:00:00', 'ljoseff7@hp.com', 8, 1),
(737, '2025-06-14 00:00:00', 'rtomisch8@chicagotribune.com', 9, 2),
(738, '2025-08-30 00:00:00', 'cgentle9@comsenz.com', 10, 1),
(739, '2024-12-22 00:00:00', 'mespadatea@multiply.com', 11, 2),
(740, '2025-01-29 00:00:00', 'ftebbittb@ed.gov', 12, 1),
(741, '2024-12-25 00:00:00', 'ncabottoc@google.com.au', 13, 1),
(742, '2025-08-27 00:00:00', 'mdriffed@eventbrite.com', 14, 3),
(743, '2025-07-17 00:00:00', 'gkettlese@wikia.com', 15, 3),
(744, '2025-07-27 00:00:00', 'jmesshamf@joomla.org', 16, 2),
(745, '2025-07-15 00:00:00', 'sridwoodg@amazon.co.uk', 17, 1),
(746, '2025-12-01 00:00:00', 'fdovidianh@mac.com', 18, 3),
(747, '2025-04-25 00:00:00', 'trobertssoni@a8.net', 19, 1),
(748, '2025-09-15 00:00:00', 'ehargessj@eventbrite.com', 20, 2);

INSERT INTO desk_manager (managerID, name, phoneNumber, email) VALUES
(1, 'Jordan Walsh', '432-162-5235', 'jwalsh@celtics.com'),
(2, 'Jaylen Brown', '546-541-5991', 'jbrown@celtics.com'),
(3, 'Joe Mazzula', '781-312-9182', 'jmazzula@celtics.com');

INSERT INTO found_item_inventory (dateReceived, managerID, itemID, storageLocationID, inventoryID) VALUES
('2025-08-03 00:00:00', 3, 14, 2, 1),
('2025-03-15 00:00:00', 1, 7, 4, 2),
('2025-05-24 00:00:00', 1, 22, 4, 3),
('2025-11-12 00:00:00', 3, 3, 4, 4),
('2025-07-05 00:00:00', 2, 19, 3, 5),
('2025-08-23 00:00:00', 3, 27, 3, 6),
('2025-03-11 00:00:00', 1, 9, 5, 7),
('2025-11-22 00:00:00', 2, 1, 5, 8),
('2025-06-29 00:00:00', 1, 12, 2, 9),
('2025-05-04 00:00:00', 3, 10, 2, 10),
('2025-06-10 00:00:00', 1, 18, 5, 11),
('2025-10-30 00:00:00', 2, 25, 5, 12),
('2025-06-02 00:00:00', 1, 8, 4, 13),
('2025-08-28 00:00:00', 3, 20, 3, 14),
('2025-08-17 00:00:00', 1, 30, 3, 15),
('2025-05-14 00:00:00', 3, 11, 2, 16),
('2024-12-20 00:00:00', 2, 6, 3, 17),
('2025-04-11 00:00:00', 1, 2, 1, 18),
('2025-09-25 00:00:00', 1, 21, 4, 19),
('2025-07-03 00:00:00', 3, 16, 2, 20),
('2025-03-10 00:00:00', 2, 4, 4, 21),
('2025-06-09 00:00:00', 1, 23, 1, 22),
('2025-04-03 00:00:00', 3, 5, 1, 23),
('2025-10-26 00:00:00', 2, 17, 2, 24),
('2025-04-02 00:00:00', 1, 28, 3, 25),
('2025-05-20 00:00:00', 2, 13, 1, 26),
('2025-04-12 00:00:00', 3, 24, 2, 27),
('2025-03-05 00:00:00', 3, 26, 1, 28),
('2025-06-10 00:00:00', 2, 29, 4, 29),
('2025-04-05 00:00:00', 1, 15, 5, 30);


INSERT INTO found_item_report (foundReportID, userID, locationID, itemID, dateFound, `condition`) VALUES
(1, 8, 3, 29, '2025-06-18 00:00:00', 'poor'),
(2, 6, 9, 25, '2025-01-01 00:00:00', 'good'),
(3, 26, 12, 25, '2025-11-03 00:00:00', 'poor'),
(4, 47, 7, 2, '2025-10-30 00:00:00', 'excellent'),
(5, 18, 14, 22, '2025-06-18 00:00:00', 'excellent'),
(6, 32, 1, 6, '2025-07-29 00:00:00', 'excellent'),
(7, 37, 1, 3, '2025-09-30 00:00:00', 'excellent'),
(8, 44, 6, 16, '2025-07-30 00:00:00', 'excellent'),
(9, 9, 3, 29, '2025-08-05 00:00:00', 'good'),
(10, 28, 9, 21, '2025-05-11 00:00:00', 'excellent'),
(11, 33, 13, 12, '2025-11-12 00:00:00', 'excellent'),
(12, 20, 9, 2, '2025-04-09 00:00:00', 'excellent'),
(13, 8, 12, 5, '2024-12-20 00:00:00', 'poor'),
(14, 48, 7, 14, '2025-09-21 00:00:00', 'good'),
(15, 7, 13, 26, '2025-12-06 00:00:00', 'poor'),
(16, 14, 2, 5, '2025-02-08 00:00:00', 'good'),
(17, 27, 13, 29, '2025-11-18 00:00:00', 'excellent'),
(18, 13, 3, 30, '2025-01-31 00:00:00', 'poor'),
(19, 26, 5, 12, '2025-05-17 00:00:00', 'good'),
(20, 2, 10, 30, '2025-03-30 00:00:00', 'good'),
(21, 48, 10, 17, '2024-12-20 00:00:00', 'poor'),
(22, 21, 9, 1, '2025-04-07 00:00:00', 'good'),
(23, 18, 7, 15, '2025-03-10 00:00:00', 'poor'),
(24, 6, 14, 25, '2025-06-22 00:00:00', 'good'),
(25, 39, 6, 30, '2025-09-23 00:00:00', 'poor'),
(26, 16, 14, 20, '2025-07-03 00:00:00', 'poor'),
(27, 37, 6, 22, '2025-08-22 00:00:00', 'excellent'),
(28, 22, 2, 3, '2025-06-17 00:00:00', 'good'),
(29, 49, 5, 30, '2025-06-09 00:00:00', 'poor'),
(30, 18, 14, 1, '2025-09-11 00:00:00', 'excellent');


INSERT INTO item_stats (numReports, matchRate, analyticsID, statID) VALUES
(12, 35, 191, 1),
(22, 91, 112, 2),
(17, 73, 145, 3),
(23, 90, 62, 4),
(20, 41, 7, 5),
(18, 73, 80, 6),
(13, 49, 106, 7),
(17, 38, 141, 8),
(23, 43, 192, 9),
(16, 17, 161, 10),
(11, 23, 123, 11),
(17, 5, 194, 12),
(20, 40, 150, 13),
(16, 2, 115, 14),
(19, 72, 169, 15),
(20, 80, 130, 16),
(14, 63, 15, 17),
(14, 71, 59, 18),
(22, 82, 172, 19),
(20, 50, 16, 20),
(11, 72, 50, 21),
(19, 14, 116, 22),
(22, 37, 127, 23),
(20, 87, 112, 24),
(14, 4, 75, 25),
(8, 69, 80, 26),
(20, 87, 19, 27),
(8, 12, 91, 28),
(17, 88, 198, 29),
(22, 65, 130, 30),
(11, 12, 23, 31),
(19, 63, 135, 32),
(15, 26, 127, 33),
(15, 86, 108, 34),
(11, 33, 18, 35),
(11, 49, 169, 36),
(8, 65, 138, 37),
(13, 84, 154, 38),
(17, 74, 2, 39),
(15, 47, 129, 40);

INSERT INTO items (description, status, dateFound, daysInStorage, categoryID, itemID) VALUES
('GPS collar that monitors your pet''s location and activity level.', 'Unclaimed', '2025-09-02 00:00:00', 14, 1, 1),
('Just add water for delicious brownies.', 'Unclaimed', '2025-11-03 00:00:00', 56, 2, 2),
('Leak-proof bottles for travel-sized toiletries.', 'Unclaimed', '2025-08-17 00:00:00', 15, 3, 3),
('Refreshing sorbet with a zesty lemon flavor.', 'Unclaimed', '2025-01-10 00:00:00', 37, 4, 4),
('Make delicious ice cream at home with this user-friendly machine.', 'Unclaimed', '2025-09-26 00:00:00', 1, 1, 5),
('Burr coffee grinder for fresh ground coffee.', 'Unclaimed', '2025-01-14 00:00:00', 48, 2, 6),
('Boost your Wi-Fi signal for better coverage.', 'Claimed', '2025-08-12 00:00:00', 62, 3, 7),
('Eco-friendly bamboo cutting boards in various sizes.', 'Claimed', '2025-07-17 00:00:00', 22, 4, 8),
('Stylish smartwatch with fitness tracking and notifications.', 'Unclaimed', '2024-12-24 00:00:00', 8, 1, 9),
('Light and fluffy popcorn coated in sweet honey butter.', 'Claimed', '2025-02-16 00:00:00', 59, 2, 10),
('Savory popcorn flavored with maple syrup and bacon bits.', 'Unclaimed', '2025-03-21 00:00:00', 64, 3, 11),
('Artisan bread with caraway seeds for added flavor.', 'Claimed', '2025-11-01 00:00:00', 7, 4, 12),
('Sweetened powder for refreshing lemonade.', 'Claimed', '2025-07-29 00:00:00', 17, 1, 13),
('High-resolution camera for stunning photos.', 'Claimed', '2025-02-17 00:00:00', 68, 2, 14),
('Heavy-duty rope suitable for boating, camping, and general use.', 'Unclaimed', '2025-11-08 00:00:00', 67, 3, 15),
('Fluffy couscous seasoned with a blend of herbs, perfect as a side dish.', 'Claimed', '2025-07-11 00:00:00', 70, 4, 16),
('Frozen chicken bites coated in a honey sriracha glaze, spicy and sweet.', 'Claimed', '2025-01-16 00:00:00', 76, 1, 17),
('Roasted almonds dipped in rich dark chocolate.', 'Claimed', '2025-04-15 00:00:00', 83, 2, 18),
('Beautiful wall calendar for organizing your schedule.', 'Unclaimed', '2025-04-10 00:00:00', 34, 3, 19),
('Sweetened sticky rice served with fresh mango and coconut sauce.', 'Unclaimed', '2025-07-14 00:00:00', 30, 4, 20),
('Marinated chicken skewers infused with traditional tandoori spices.', 'Unclaimed', '2025-04-09 00:00:00', 55, 1, 21),
('Juicy pork tenderloin, great for roasting.', 'Claimed', '2025-01-20 00:00:00', 78, 2, 22),
('Rechargeable electric razor for a smooth shave.', 'Unclaimed', '2025-11-04 00:00:00', 53, 3, 23),
('Challenging puzzle game set for family entertainment.', 'Unclaimed', '2025-10-16 00:00:00', 61, 4, 24),
('Complete fondue set for chocolate and cheese parties.', 'Claimed', '2024-12-26 00:00:00', 6, 1, 25),
('Frozen mango chunks for smoothies or snacking.', 'Claimed', '2025-03-27 00:00:00', 5, 2, 26),
('Crunchy granola mixed with maple syrup and cinnamon, perfect for breakfast or snacks.', 'Claimed', '2025-11-07 00:00:00', 39, 3, 27),
('A fresh salad made with black beans, corn, and a zesty dressing, great for summer cookouts.', 'Unclaimed', '2025-10-16 00:00:00', 95, 4, 28),
('Track steps, heart rate, and sleep patterns.', 'Unclaimed', '2025-08-14 00:00:00', 31, 1, 29),
('Compact knife with safety lock for everyday use.', 'Claimed', '2025-04-01 00:00:00', 49, 2, 30);

INSERT INTO location (locationID, lastSeenAt) VALUES
(1, 'cabot'),
(2, 'curry'),
(3, 'snell library'),
(4, 'richards'),
(5, 'hayden'),
(6, 'lake'),
(7, 'ell'),
(8, 'dodge'),
(9, 'hastings'),
(10, 'stetson east'),
(11, 'stetson west'),
(12, 'behrakis'),
(13, 'west village'),
(14, 'east village');

INSERT INTO lost_item_report (lostReportID, userID, locationID, datelost) VALUES
(1, 27, 6,  '2025-07-04 00:00:00'),
(2, 16, 14, '2025-08-25 00:00:00'),
(3, 12, 7,  '2025-06-20 00:00:00'),
(4, 16, 3,  '2025-09-03 00:00:00'),
(5, 2,  5,  '2025-07-01 00:00:00'),
(6, 8,  12, '2025-01-10 00:00:00'),
(7, 27, 1,  '2025-05-10 00:00:00'),
(8, 38, 11, '2025-08-30 00:00:00'),
(9, 23, 7,  '2025-02-09 00:00:00'),
(10, 18, 8, '2025-04-11 00:00:00'),
(11, 25, 10, '2025-12-02 00:00:00'),
(12, 40, 8,  '2025-04-10 00:00:00'),
(13, 18, 9,  '2025-09-02 00:00:00'),
(14, 32, 5,  '2024-12-22 00:00:00'),
(15, 50, 12, '2025-11-12 00:00:00'),
(16, 40, 1,  '2025-02-09 00:00:00'),
(17, 3,  13, '2025-06-17 00:00:00'),
(18, 11, 14, '2025-05-25 00:00:00'),
(19, 46, 7,  '2025-06-19 00:00:00'),
(20, 19, 6,  '2025-12-03 00:00:00'),
(21, 49, 8,  '2025-01-09 00:00:00'),
(22, 4,  4,  '2025-08-08 00:00:00'),
(23, 25, 10, '2024-12-21 00:00:00'),
(24, 6,  5,  '2025-06-15 00:00:00'),
(25, 9,  3,  '2025-10-16 00:00:00'),
(26, 30, 8,  '2025-11-27 00:00:00'),
(27, 41, 5,  '2025-04-05 00:00:00'),
(28, 33, 11, '2025-04-04 00:00:00'),
(29, 27, 1,  '2025-05-05 00:00:00'),
(30, 26, 13, '2025-03-21 00:00:00'),
(31, 11, 14, '2025-11-20 00:00:00'),
(32, 10, 13, '2025-11-27 00:00:00'),
(33, 28, 11, '2025-04-23 00:00:00'),
(34, 40, 8,  '2025-05-03 00:00:00'),
(35, 29, 7,  '2025-09-11 00:00:00');

INSERT INTO moderation (modID, adminID, timestamp, modType) VALUES
(1, 6,  '2025-04-19 00:00:00', 'ban'),
(2, 1,  '2025-11-18 00:00:00', 'mute'),
(3, 6,  '2025-08-17 00:00:00', 'mute'),
(4, 9,  '2025-04-27 00:00:00', 'no action'),
(5, 10, '2025-10-30 00:00:00', 'no action'),
(6, 2,  '2025-05-10 00:00:00', 'mute'),
(7, 9,  '2025-08-16 00:00:00', 'mute'),
(8, 2,  '2025-06-27 00:00:00', 'ban'),
(9, 6,  '2025-10-10 00:00:00', 'ban'),
(10, 8, '2025-05-17 00:00:00', 'mute'),
(11, 9, '2025-08-04 00:00:00', 'ban'),
(12, 7, '2024-12-13 00:00:00', 'ban'),
(13, 2, '2025-09-07 00:00:00', 'mute'),
(14, 7, '2024-12-10 00:00:00', 'ban'),
(15, 2, '2025-01-08 00:00:00', 'no action'),
(16, 5, '2025-02-16 00:00:00', 'ban'),
(17, 5, '2025-01-16 00:00:00', 'no action'),
(18, 9, '2024-12-10 00:00:00', 'no action'),
(19, 8, '2025-01-25 00:00:00', 'no action'),
(20, 10,'2025-07-24 00:00:00', 'no action'),
(21, 3, '2025-05-21 00:00:00', 'no action'),
(22, 1, '2025-03-08 00:00:00', 'mute'),
(23, 1, '2025-10-23 00:00:00', 'no action'),
(24, 10,'2025-02-07 00:00:00', 'mute'),
(25, 9, '2025-09-02 00:00:00', 'ban'),
(26, 5, '2025-08-24 00:00:00', 'no action'),
(27, 2, '2025-01-05 00:00:00', 'no action'),
(28, 5, '2025-01-02 00:00:00', 'no action'),
(29, 6, '2025-09-27 00:00:00', 'no action'),
(30, 10,'2025-10-22 00:00:00', 'mute'),
(31, 5, '2025-07-11 00:00:00', 'mute'),
(32, 6, '2025-11-25 00:00:00', 'mute'),
(33, 1, '2025-04-09 00:00:00', 'mute'),
(34, 3, '2025-05-06 00:00:00', 'mute'),
(35, 5, '2025-11-16 00:00:00', 'ban'),
(36, 1, '2025-11-18 00:00:00', 'no action'),
(37, 1, '2025-06-12 00:00:00', 'mute'),
(38, 3, '2025-05-12 00:00:00', 'ban'),
(39, 2, '2025-10-13 00:00:00', 'ban'),
(40, 1, '2025-10-10 00:00:00', 'ban'),
(41, 3, '2025-09-25 00:00:00', 'mute'),
(42, 6, '2025-09-13 00:00:00', 'ban'),
(43, 4, '2025-11-22 00:00:00', 'ban'),
(44, 9, '2025-11-03 00:00:00', 'ban'),
(45, 8, '2025-02-11 00:00:00', 'no action'),
(46, 2, '2025-08-19 00:00:00', 'ban'),
(47, 9, '2025-06-22 00:00:00', 'no action'),
(48, 8, '2025-06-15 00:00:00', 'mute'),
(49, 9, '2025-05-23 00:00:00', 'mute'),
(50, 4, '2024-12-30 00:00:00', 'no action'),
(51, 8, '2025-07-20 00:00:00', 'ban'),
(52, 9, '2025-11-28 00:00:00', 'ban'),
(53, 1, '2025-07-04 00:00:00', 'mute'),
(54, 6, '2025-01-05 00:00:00', 'no action'),
(55, 9, '2025-11-14 00:00:00', 'mute'),
(56, 4, '2025-02-13 00:00:00', 'ban'),
(57, 2, '2025-01-24 00:00:00', 'ban'),
(58, 8, '2025-08-03 00:00:00', 'no action'),
(59, 10,'2025-09-23 00:00:00', 'ban'),
(60, 5, '2025-07-09 00:00:00', 'ban'),
(61, 6, '2025-02-03 00:00:00', 'no action'),
(62, 4, '2025-03-14 00:00:00', 'no action'),
(63, 10,'2025-06-07 00:00:00', 'mute'),
(64, 1, '2025-05-26 00:00:00', 'ban'),
(65, 3, '2024-12-18 00:00:00', 'mute'),
(66, 8, '2025-01-28 00:00:00', 'mute'),
(67, 10,'2025-03-30 00:00:00', 'no action'),
(68, 9, '2025-03-12 00:00:00', 'mute'),
(69, 9, '2025-07-16 00:00:00', 'mute'),
(70, 2, '2025-03-05 00:00:00', 'ban'),
(71, 10,'2025-09-01 00:00:00', 'mute'),
(72, 7, '2025-03-09 00:00:00', 'no action'),
(73, 5, '2025-07-18 00:00:00', 'mute'),
(74, 4, '2025-08-09 00:00:00', 'mute'),
(75, 7, '2025-05-25 00:00:00', 'ban'),
(76, 2, '2025-07-25 00:00:00', 'mute'),
(77, 4, '2025-08-20 00:00:00', 'mute'),
(78, 6, '2025-01-16 00:00:00', 'ban'),
(79, 3, '2025-03-31 00:00:00', 'mute'),
(80, 5, '2025-04-02 00:00:00', 'ban');

INSERT INTO notification (notificationID, userID, message) VALUES
(1, 21, 'gloves'),
(2, 30, 'gloves'),
(3, 17, 'umbrella'),
(4, 38, 'keys'),
(5, 17, 'keys'),
(6, 27, 'water bottle'),
(7, 23, 'laptop'),
(8, 37, 'umbrella'),
(9, 24, 'phone'),
(10, 26, 'textbook'),
(11, 24, 'headphones'),
(12, 50, 'laptop'),
(13, 28, 'phone'),
(14, 47, 'gloves'),
(15, 49, 'sunglasses'),
(16, 30, 'umbrella'),
(17, 46, 'wallet'),
(18, 25, 'hat'),
(19, 5, 'gloves'),
(20, 34, 'sunglasses'),
(21, 2, 'keys'),
(22, 46, 'gloves'),
(23, 1, 'headphones'),
(24, 22, 'phone'),
(25, 26, 'hat'),
(26, 30, 'keys'),
(27, 28, 'hat'),
(28, 43, 'headphones'),
(29, 46, 'wallet'),
(30, 3, 'sunglasses'),
(31, 7, 'headphones'),
(32, 47, 'wallet'),
(33, 30, 'wallet'),
(34, 13, 'textbook'),
(35, 13, 'textbook'),
(36, 31, 'gloves'),
(37, 50, 'laptop'),
(38, 22, 'textbook'),
(39, 46, 'keys'),
(40, 19, 'hat'),
(41, 26, 'wallet'),
(42, 18, 'umbrella'),
(43, 8, 'keys'),
(44, 43, 'phone'),
(45, 47, 'keys'),
(46, 18, 'textbook'),
(47, 39, 'gloves'),
(48, 20, 'water bottle'),
(49, 49, 'keys'),
(50, 15, 'water bottle'),
(51, 39, 'headphones'),
(52, 29, 'headphones'),
(53, 31, 'sunglasses'),
(54, 33, 'headphones'),
(55, 3, 'hat'),
(56, 48, 'wallet'),
(57, 33, 'keys'),
(58, 37, 'keys'),
(59, 2, 'wallet'),
(60, 16, 'headphones');

INSERT INTO report (reportID, userID, logID, modID, content) VALUES
(1, 36, 96, 68, 'harassment'),
(2, 26, 82, 75, 'spam'),
(3, 40, 28, 69, 'scam'),
(4, 28, 70, 67, 'malicious'),
(5, 27, 36, 6, 'harassment'),
(6, 35, 78, 37, 'spam'),
(7, 37, 61, 38, 'scam'),
(8, 1, 6, 31, 'malicious'),
(9, 28, 85, 66, 'harassment'),
(10, 47, 68, 55, 'spam'),
(11, 19, 39, 58, 'scam'),
(12, 46, 44, 29, 'malicious'),
(13, 40, 100, 27, 'harassment'),
(14, 36, 84, 45, 'spam'),
(15, 18, 98, 31, 'scam'),
(16, 38, 90, 6, 'malicious'),
(17, 32, 12, 11, 'harassment'),
(18, 24, 100, 55, 'spam'),
(19, 22, 69, 67, 'scam'),
(20, 26, 24, 70, 'malicious'),
(21, 31, 68, 23, 'harassment'),
(22, 12, 100, 30, 'spam'),
(23, 13, 31, 9, 'scam'),
(24, 47, 99, 69, 'malicious'),
(25, 35, 42, 23, 'harassment'),
(26, 46, 59, 56, 'spam'),
(27, 9, 68, 22, 'scam'),
(28, 9, 85, 26, 'malicious'),
(29, 23, 61, 65, 'harassment'),
(30, 38, 17, 50, 'spam'),
(31, 25, 66, 10, 'scam'),
(32, 15, 59, 5, 'malicious'),
(33, 13, 75, 44, 'harassment'),
(34, 10, 51, 35, 'spam'),
(35, 26, 82, 2, 'scam'),
(36, 37, 46, 11, 'malicious'),
(37, 50, 40, 15, 'harassment'),
(38, 3, 75, 54, 'spam'),
(39, 47, 7, 40, 'scam'),
(40, 31, 45, 27, 'malicious');
INSERT INTO reward (rewardID, lostReportID, rewardAmount) VALUES
(1, 1, 8),
(2, 2, 30),
(3, 3, 21),
(4, 4, 25),
(5, 5, 30),
(6, 6, 8),
(7, 7, 37),
(8, 8, 49),
(9, 9, 22),
(10, 10, 38),
(11, 11, 43),
(12, 12, 33),
(13, 13, 25),
(14, 14, 33),
(15, 15, 5),
(16, 16, 29),
(17, 17, 50),
(18, 18, 14),
(19, 19, 37),
(20, 20, 40),
(21, 21, 46),
(22, 22, 49),
(23, 23, 14),
(24, 24, 18),
(25, 25, 47),
(26, 26, 49),
(27, 27, 16),
(28, 28, 47),
(29, 29, 6),
(30, 30, 28),
(31, 31, 34),
(32, 32, 47),
(33, 33, 13),
(34, 34, 21),
(35, 35, 45);

INSERT INTO settings (value, adminID, settingID) VALUES
('Off', 4, 1),
('Off', 9, 2),
('On', 3, 3),
('On', 1, 4),
('On', 2, 5),     -- fixed (was adminID = 0)
('Off', 5, 6),
('On', 9, 7),
('Off', 5, 8),
('On', 9, 9),
('Off', 7, 10),
('On', 1, 11),
('Off', 2, 12),
('Off', 3, 13),   -- fixed (was adminID = 0)
('On', 8, 14),
('On', 2, 15),
('On', 10, 16),
('Off', 6, 17),   -- fixed (was adminID = 0)
('Off', 6, 18),
('On', 5, 19),
('On', 10, 20);

INSERT INTO storage_location (shelfNumber, storageLocationID) VALUES ('Shelf B', 1);
INSERT INTO storage_location (shelfNumber, storageLocationID) VALUES ('Shelf A', 2);
INSERT INTO storage_location (shelfNumber, storageLocationID) VALUES ('Cabinet A', 3);
INSERT INTO storage_location (shelfNumber, storageLocationID) VALUES ('Drawer C', 4);
INSERT INTO storage_location (shelfNumber, storageLocationID) VALUES ('Shelf C', 5);
INSERT INTO storage_location (shelfNumber, storageLocationID) VALUES ('Shelf B', 6);
INSERT INTO storage_location (shelfNumber, storageLocationID) VALUES ('Shelf A', 7);
INSERT INTO storage_location (shelfNumber, storageLocationID) VALUES ('Cabinet A', 8);
INSERT INTO storage_location (shelfNumber, storageLocationID) VALUES ('Drawer C', 9);
INSERT INTO storage_location (shelfNumber, storageLocationID) VALUES ('Shelf C', 10);

INSERT INTO usage_stats (activeUsers, submissions, analyticsID, usageID) VALUES (37, 25, 1, 1);
INSERT INTO usage_stats (activeUsers, submissions, analyticsID, usageID) VALUES (17, 12, 2, 2);
INSERT INTO usage_stats (activeUsers, submissions, analyticsID, usageID) VALUES (34, 24, 3, 3);
INSERT INTO usage_stats (activeUsers, submissions, analyticsID, usageID) VALUES (20, 13, 4, 4);
INSERT INTO usage_stats (activeUsers, submissions, analyticsID, usageID) VALUES (42, 25, 5, 5);
INSERT INTO usage_stats (activeUsers, submissions, analyticsID, usageID) VALUES (39, 20, 6, 6);
INSERT INTO usage_stats (activeUsers, submissions, analyticsID, usageID) VALUES (23, 16, 7, 7);
INSERT INTO usage_stats (activeUsers, submissions, analyticsID, usageID) VALUES (40, 18, 8, 8);
INSERT INTO usage_stats (activeUsers, submissions, analyticsID, usageID) VALUES (29, 13, 9, 9);
INSERT INTO usage_stats (activeUsers, submissions, analyticsID, usageID) VALUES (22, 14, 10, 10);
INSERT INTO usage_stats (activeUsers, submissions, analyticsID, usageID) VALUES (38, 24, 11, 11);
INSERT INTO usage_stats (activeUsers, submissions, analyticsID, usageID) VALUES (44, 14, 12, 12);
INSERT INTO usage_stats (activeUsers, submissions, analyticsID, usageID) VALUES (22, 17, 13, 13);
INSERT INTO usage_stats (activeUsers, submissions, analyticsID, usageID) VALUES (44, 24, 14, 14);
INSERT INTO usage_stats (activeUsers, submissions, analyticsID, usageID) VALUES (33, 13, 15, 15);
INSERT INTO usage_stats (activeUsers, submissions, analyticsID, usageID) VALUES (42, 22, 16, 16);
INSERT INTO usage_stats (activeUsers, submissions, analyticsID, usageID) VALUES (41, 17, 17, 17);
INSERT INTO usage_stats (activeUsers, submissions, analyticsID, usageID) VALUES (34, 13, 18, 18);
INSERT INTO usage_stats (activeUsers, submissions, analyticsID, usageID) VALUES (32, 20, 19, 19);
INSERT INTO usage_stats (activeUsers, submissions, analyticsID, usageID) VALUES (20, 14, 20, 20);
INSERT INTO usage_stats (activeUsers, submissions, analyticsID, usageID) VALUES (28, 24, 21, 21);
INSERT INTO usage_stats (activeUsers, submissions, analyticsID, usageID) VALUES (44, 12, 22, 22);
INSERT INTO usage_stats (activeUsers, submissions, analyticsID, usageID) VALUES (20, 17, 23, 23);
INSERT INTO usage_stats (activeUsers, submissions, analyticsID, usageID) VALUES (38, 18, 24, 24);
INSERT INTO usage_stats (activeUsers, submissions, analyticsID, usageID) VALUES (15, 10, 25, 25);
INSERT INTO usage_stats (activeUsers, submissions, analyticsID, usageID) VALUES (15, 12, 26, 26);
INSERT INTO usage_stats (activeUsers, submissions, analyticsID, usageID) VALUES (23, 16, 27, 27);
INSERT INTO usage_stats (activeUsers, submissions, analyticsID, usageID) VALUES (30, 17, 28, 28);
INSERT INTO usage_stats (activeUsers, submissions, analyticsID, usageID) VALUES (44, 15, 29, 29);
INSERT INTO usage_stats (activeUsers, submissions, analyticsID, usageID) VALUES (18, 11, 30, 30);
INSERT INTO usage_stats (activeUsers, submissions, analyticsID, usageID) VALUES (28, 14, 31, 31);
INSERT INTO usage_stats (activeUsers, submissions, analyticsID, usageID) VALUES (15, 22, 32, 32);
INSERT INTO usage_stats (activeUsers, submissions, analyticsID, usageID) VALUES (42, 19, 33, 33);
INSERT INTO usage_stats (activeUsers, submissions, analyticsID, usageID) VALUES (30, 24, 34, 34);
INSERT INTO usage_stats (activeUsers, submissions, analyticsID, usageID) VALUES (23, 22, 35, 35);
INSERT INTO usage_stats (activeUsers, submissions, analyticsID, usageID) VALUES (15, 19, 36, 36);
INSERT INTO usage_stats (activeUsers, submissions, analyticsID, usageID) VALUES (24, 16, 37, 37);
INSERT INTO usage_stats (activeUsers, submissions, analyticsID, usageID) VALUES (45, 24, 38, 38);
INSERT INTO usage_stats (activeUsers, submissions, analyticsID, usageID) VALUES (31, 18, 39, 39);
INSERT INTO usage_stats (activeUsers, submissions, analyticsID, usageID) VALUES (28, 15, 40, 40);
INSERT INTO usage_stats (activeUsers, submissions, analyticsID, usageID) VALUES (18, 18, 41, 41);
INSERT INTO usage_stats (activeUsers, submissions, analyticsID, usageID) VALUES (29, 10, 42, 42);
INSERT INTO usage_stats (activeUsers, submissions, analyticsID, usageID) VALUES (26, 12, 43, 43);
INSERT INTO usage_stats (activeUsers, submissions, analyticsID, usageID) VALUES (45, 10, 44, 44);
INSERT INTO usage_stats (activeUsers, submissions, analyticsID, usageID) VALUES (45, 21, 45, 45);
INSERT INTO usage_stats (activeUsers, submissions, analyticsID, usageID) VALUES (24, 10, 46, 46);
INSERT INTO usage_stats (activeUsers, submissions, analyticsID, usageID) VALUES (28, 18, 47, 47);
INSERT INTO usage_stats (activeUsers, submissions, analyticsID, usageID) VALUES (33, 25, 48, 48);
INSERT INTO usage_stats (activeUsers, submissions, analyticsID, usageID) VALUES (32, 22, 49, 49);
INSERT INTO usage_stats (activeUsers, submissions, analyticsID, usageID) VALUES (39, 11, 50, 50);

INSERT INTO user_log (logID, adminID, timestamp, activity) VALUES (1, 7, '2025-03-02 00:00:00', 'lost item');
INSERT INTO user_log (logID, adminID, timestamp, activity) VALUES (2, 4, '2025-09-08 00:00:00', 'found item');
INSERT INTO user_log (logID, adminID, timestamp, activity) VALUES (3, 8, '2025-09-22 00:00:00', 'found item');
INSERT INTO user_log (logID, adminID, timestamp, activity) VALUES (4, 5, '2025-03-16 00:00:00', 'lost item');
INSERT INTO user_log (logID, adminID, timestamp, activity) VALUES (5, 7, '2025-09-05 00:00:00', 'submit report');
INSERT INTO user_log (logID, adminID, timestamp, activity) VALUES (6, 8, '2025-04-16 00:00:00', 'submit report');
INSERT INTO user_log (logID, adminID, timestamp, activity) VALUES (7, 6, '2025-07-19 00:00:00', 'found item');
INSERT INTO user_log (logID, adminID, timestamp, activity) VALUES (8, 8, '2025-11-07 00:00:00', 'found item');
INSERT INTO user_log (logID, adminID, timestamp, activity) VALUES (9, 2, '2025-09-13 00:00:00', 'lost item');
INSERT INTO user_log (logID, adminID, timestamp, activity) VALUES (10, 2, '2025-04-27 00:00:00', 'submit report');
INSERT INTO user_log (logID, adminID, timestamp, activity) VALUES (11, 9, '2025-07-05 00:00:00', 'found item');
INSERT INTO user_log (logID, adminID, timestamp, activity) VALUES (12, 3, '2025-09-07 00:00:00', 'lost item');
INSERT INTO user_log (logID, adminID, timestamp, activity) VALUES (13, 5, '2025-10-24 00:00:00', 'lost item');
INSERT INTO user_log (logID, adminID, timestamp, activity) VALUES (14, 7, '2025-03-18 00:00:00', 'found item');
INSERT INTO user_log (logID, adminID, timestamp, activity) VALUES (15, 5, '2025-10-31 00:00:00', 'lost item');
INSERT INTO user_log (logID, adminID, timestamp, activity) VALUES (16, 1, '2025-12-02 00:00:00', 'lost item');
INSERT INTO user_log (logID, adminID, timestamp, activity) VALUES (17, 8, '2025-11-01 00:00:00', 'lost item');
INSERT INTO user_log (logID, adminID, timestamp, activity) VALUES (18, 8, '2025-02-23 00:00:00', 'found item');
INSERT INTO user_log (logID, adminID, timestamp, activity) VALUES (19, 10, '2025-06-04 00:00:00', 'lost item');
INSERT INTO user_log (logID, adminID, timestamp, activity) VALUES (20, 4, '2025-10-31 00:00:00', 'submit report');
INSERT INTO user_log (logID, adminID, timestamp, activity) VALUES (21, 8, '2025-06-24 00:00:00', 'found item');
INSERT INTO user_log (logID, adminID, timestamp, activity) VALUES (22, 6, '2025-01-28 00:00:00', 'submit report');
INSERT INTO user_log (logID, adminID, timestamp, activity) VALUES (23, 3, '2025-03-23 00:00:00', 'lost item');
INSERT INTO user_log (logID, adminID, timestamp, activity) VALUES (24, 4, '2025-05-05 00:00:00', 'found item');
INSERT INTO user_log (logID, adminID, timestamp, activity) VALUES (25, 2, '2025-04-22 00:00:00', 'lost item');
INSERT INTO user_log (logID, adminID, timestamp, activity) VALUES (26, 3, '2025-07-06 00:00:00', 'found item');
INSERT INTO user_log (logID, adminID, timestamp, activity) VALUES (27, 3, '2025-02-20 00:00:00', 'submit report');
INSERT INTO user_log (logID, adminID, timestamp, activity) VALUES (28, 3, '2025-06-29 00:00:00', 'lost item');
INSERT INTO user_log (logID, adminID, timestamp, activity) VALUES (29, 3, '2025-03-07 00:00:00', 'lost item');
INSERT INTO user_log (logID, adminID, timestamp, activity) VALUES (30, 3, '2024-12-08 00:00:00', 'submit report');
INSERT INTO user_log (logID, adminID, timestamp, activity) VALUES (31, 3, '2025-01-24 00:00:00', 'lost item');
INSERT INTO user_log (logID, adminID, timestamp, activity) VALUES (32, 1, '2025-04-20 00:00:00', 'submit report');
INSERT INTO user_log (logID, adminID, timestamp, activity) VALUES (33, 7, '2025-07-19 00:00:00', 'lost item');
INSERT INTO user_log (logID, adminID, timestamp, activity) VALUES (34, 10, '2025-03-10 00:00:00', 'found item');
INSERT INTO user_log (logID, adminID, timestamp, activity) VALUES (35, 3, '2025-06-17 00:00:00', 'submit report');
INSERT INTO user_log (logID, adminID, timestamp, activity) VALUES (36, 10, '2025-04-29 00:00:00', 'found item');
INSERT INTO user_log (logID, adminID, timestamp, activity) VALUES (37, 6, '2025-09-11 00:00:00', 'submit report');
INSERT INTO user_log (logID, adminID, timestamp, activity) VALUES (38, 9, '2025-11-27 00:00:00', 'found item');
INSERT INTO user_log (logID, adminID, timestamp, activity) VALUES (39, 6, '2025-09-23 00:00:00', 'found item');
INSERT INTO user_log (logID, adminID, timestamp, activity) VALUES (40, 10, '2025-07-08 00:00:00', 'found item');
INSERT INTO user_log (logID, adminID, timestamp, activity) VALUES (41, 9, '2025-03-22 00:00:00', 'found item');
INSERT INTO user_log (logID, adminID, timestamp, activity) VALUES (42, 5, '2025-05-03 00:00:00', 'submit report');
INSERT INTO user_log (logID, adminID, timestamp, activity) VALUES (43, 2, '2025-10-31 00:00:00', 'lost item');
INSERT INTO user_log (logID, adminID, timestamp, activity) VALUES (44, 4, '2025-04-07 00:00:00', 'submit report');
INSERT INTO user_log (logID, adminID, timestamp, activity) VALUES (45, 1, '2025-07-01 00:00:00', 'lost item');
INSERT INTO user_log (logID, adminID, timestamp, activity) VALUES (46, 10, '2025-02-25 00:00:00', 'lost item');
INSERT INTO user_log (logID, adminID, timestamp, activity) VALUES (47, 5, '2025-01-30 00:00:00', 'submit report');
INSERT INTO user_log (logID, adminID, timestamp, activity) VALUES (48, 9, '2025-09-21 00:00:00', 'lost item');
INSERT INTO user_log (logID, adminID, timestamp, activity) VALUES (49, 9, '2025-01-30 00:00:00', 'lost item');
INSERT INTO user_log (logID, adminID, timestamp, activity) VALUES (50, 4, '2025-03-29 00:00:00', 'found item');
INSERT INTO user_log (logID, adminID, timestamp, activity) VALUES (51, 4, '2025-02-23 00:00:00', 'found item');
INSERT INTO user_log (logID, adminID, timestamp, activity) VALUES (52, 4, '2025-04-25 00:00:00', 'lost item');
INSERT INTO user_log (logID, adminID, timestamp, activity) VALUES (53, 2, '2025-06-07 00:00:00', 'lost item');
INSERT INTO user_log (logID, adminID, timestamp, activity) VALUES (54, 10, '2025-07-05 00:00:00', 'submit report');
INSERT INTO user_log (logID, adminID, timestamp, activity) VALUES (55, 5, '2025-03-10 00:00:00', 'found item');
INSERT INTO user_log (logID, adminID, timestamp, activity) VALUES (56, 9, '2025-05-12 00:00:00', 'found item');
INSERT INTO user_log (logID, adminID, timestamp, activity) VALUES (57, 1, '2025-05-16 00:00:00', 'found item');
INSERT INTO user_log (logID, adminID, timestamp, activity) VALUES (58, 5, '2025-07-19 00:00:00', 'found item');
INSERT INTO user_log (logID, adminID, timestamp, activity) VALUES (59, 1, '2025-05-18 00:00:00', 'submit report');
INSERT INTO user_log (logID, adminID, timestamp, activity) VALUES (60, 3, '2025-11-06 00:00:00', 'found item');
INSERT INTO user_log (logID, adminID, timestamp, activity) VALUES (61, 8, '2025-05-14 00:00:00', 'submit report');
INSERT INTO user_log (logID, adminID, timestamp, activity) VALUES (62, 4, '2024-12-30 00:00:00', 'submit report');
INSERT INTO user_log (logID, adminID, timestamp, activity) VALUES (63, 2, '2025-09-04 00:00:00', 'lost item');
INSERT INTO user_log (logID, adminID, timestamp, activity) VALUES (64, 4, '2024-12-12 00:00:00', 'submit report');
INSERT INTO user_log (logID, adminID, timestamp, activity) VALUES (65, 5, '2025-04-14 00:00:00', 'submit report');
INSERT INTO user_log (logID, adminID, timestamp, activity) VALUES (66, 3, '2025-04-17 00:00:00', 'found item');
INSERT INTO user_log (logID, adminID, timestamp, activity) VALUES (67, 10, '2025-07-10 00:00:00', 'found item');
INSERT INTO user_log (logID, adminID, timestamp, activity) VALUES (68, 4, '2024-12-31 00:00:00', 'submit report');
INSERT INTO user_log (logID, adminID, timestamp, activity) VALUES (69, 6, '2025-08-02 00:00:00', 'found item');
INSERT INTO user_log (logID, adminID, timestamp, activity) VALUES (70, 9, '2025-01-19 00:00:00', 'found item');
INSERT INTO user_log (logID, adminID, timestamp, activity) VALUES (71, 9, '2025-11-24 00:00:00', 'lost item');
INSERT INTO user_log (logID, adminID, timestamp, activity) VALUES (72, 5, '2025-10-13 00:00:00', 'found item');
INSERT INTO user_log (logID, adminID, timestamp, activity) VALUES (73, 2, '2025-02-18 00:00:00', 'found item');
INSERT INTO user_log (logID, adminID, timestamp, activity) VALUES (74, 6, '2025-07-11 00:00:00', 'submit report');
INSERT INTO user_log (logID, adminID, timestamp, activity) VALUES (75, 3, '2025-03-16 00:00:00', 'lost item');
INSERT INTO user_log (logID, adminID, timestamp, activity) VALUES (76, 3, '2025-08-08 00:00:00', 'lost item');
INSERT INTO user_log (logID, adminID, timestamp, activity) VALUES (77, 1, '2025-09-14 00:00:00', 'lost item');
INSERT INTO user_log (logID, adminID, timestamp, activity) VALUES (78, 6, '2025-03-15 00:00:00', 'found item');
INSERT INTO user_log (logID, adminID, timestamp, activity) VALUES (79, 6, '2025-05-02 00:00:00', 'lost item');
INSERT INTO user_log (logID, adminID, timestamp, activity) VALUES (80, 6, '2025-08-27 00:00:00', 'submit report');
INSERT INTO user_log (logID, adminID, timestamp, activity) VALUES (81, 6, '2025-11-24 00:00:00', 'found item');
INSERT INTO user_log (logID, adminID, timestamp, activity) VALUES (82, 4, '2025-10-15 00:00:00', 'submit report');
INSERT INTO user_log (logID, adminID, timestamp, activity) VALUES (83, 3, '2025-09-17 00:00:00', 'submit report');
INSERT INTO user_log (logID, adminID, timestamp, activity) VALUES (84, 2, '2025-10-21 00:00:00', 'found item');
INSERT INTO user_log (logID, adminID, timestamp, activity) VALUES (85, 4, '2025-03-17 00:00:00', 'lost item');
INSERT INTO user_log (logID, adminID, timestamp, activity) VALUES (86, 6, '2025-07-26 00:00:00', 'lost item');
INSERT INTO user_log (logID, adminID, timestamp, activity) VALUES (87, 3, '2025-05-03 00:00:00', 'submit report');
INSERT INTO user_log (logID, adminID, timestamp, activity) VALUES (88, 9, '2025-10-19 00:00:00', 'found item');
INSERT INTO user_log (logID, adminID, timestamp, activity) VALUES (89, 7, '2025-10-25 00:00:00', 'found item');
INSERT INTO user_log (logID, adminID, timestamp, activity) VALUES (90, 9, '2025-06-03 00:00:00', 'lost item');
INSERT INTO user_log (logID, adminID, timestamp, activity) VALUES (91, 5, '2025-02-05 00:00:00', 'lost item');
INSERT INTO user_log (logID, adminID, timestamp, activity) VALUES (92, 9, '2024-12-16 00:00:00', 'found item');
INSERT INTO user_log (logID, adminID, timestamp, activity) VALUES (93, 10, '2025-02-22 00:00:00', 'lost item');
INSERT INTO user_log (logID, adminID, timestamp, activity) VALUES (94, 8, '2025-03-14 00:00:00', 'lost item');
INSERT INTO user_log (logID, adminID, timestamp, activity) VALUES (95, 3, '2025-08-28 00:00:00', 'lost item');
INSERT INTO user_log (logID, adminID, timestamp, activity) VALUES (96, 2, '2025-07-29 00:00:00', 'lost item');
INSERT INTO user_log (logID, adminID, timestamp, activity) VALUES (97, 9, '2025-08-23 00:00:00', 'lost item');
INSERT INTO user_log (logID, adminID, timestamp, activity) VALUES (98, 4, '2025-11-18 00:00:00', 'submit report');
INSERT INTO user_log (logID, adminID, timestamp, activity) VALUES (99, 1, '2025-04-11 00:00:00', 'found item');
INSERT INTO user_log (logID, adminID, timestamp, activity) VALUES (100, 3, '2025-09-10 00:00:00', 'submit report');

INSERT INTO user (userID, name, email, phoneNumber, accStatus) VALUES (1, 'Ham Prestie', 'hprestie0@youtube.com', '503-668-7625', FALSE);
INSERT INTO user (userID, name, email, phoneNumber, accStatus) VALUES (2, 'Gussie Crissil', 'gcrissil1@bizjournals.com', '887-459-9359', FALSE);
INSERT INTO user (userID, name, email, phoneNumber, accStatus) VALUES (3, 'Slade Randal', 'srandal2@webeden.co.uk', '838-332-3312', TRUE);
INSERT INTO user (userID, name, email, phoneNumber, accStatus) VALUES (4, 'Teddi Gaiter', 'tgaiter3@ucoz.ru', '824-298-6488', TRUE);
INSERT INTO user (userID, name, email, phoneNumber, accStatus) VALUES (5, 'Maegan Dibble', 'mdibble4@washingtonpost.com', '910-739-5868', FALSE);
INSERT INTO user (userID, name, email, phoneNumber, accStatus) VALUES (6, 'Gardner Comfort', 'gcomfort5@domainmarket.com', '921-717-6256', FALSE);
INSERT INTO user (userID, name, email, phoneNumber, accStatus) VALUES (7, 'Arne Cicero', 'acicero6@businessinsider.com', '693-331-8441', TRUE);
INSERT INTO user (userID, name, email, phoneNumber, accStatus) VALUES (8, 'Sidney Delahunt', 'sdelahunt7@pinterest.com', '158-279-3459', FALSE);
INSERT INTO user (userID, name, email, phoneNumber, accStatus) VALUES (9, 'Bern Whittier', 'bwhittier8@sakura.ne.jp', '936-935-4236', FALSE);
INSERT INTO user (userID, name, email, phoneNumber, accStatus) VALUES (10, 'Levin Callaway', 'lcallaway9@ted.com', '647-956-5986', FALSE);
INSERT INTO user (userID, name, email, phoneNumber, accStatus) VALUES (11, 'Wilmer Cannavan', 'wcannavana@acquirethisname.com', '269-153-5440', TRUE);
INSERT INTO user (userID, name, email, phoneNumber, accStatus) VALUES (12, 'Drusilla Heber', 'dheberb@bbb.org', '666-946-4862', TRUE);
INSERT INTO user (userID, name, email, phoneNumber, accStatus) VALUES (13, 'Carmina Drage', 'cdragec@devhub.com', '941-625-9479', FALSE);
INSERT INTO user (userID, name, email, phoneNumber, accStatus) VALUES (14, 'Archaimbaud Gameson', 'agamesond@discovery.com', '316-464-9008', FALSE);
INSERT INTO user (userID, name, email, phoneNumber, accStatus) VALUES (15, 'Rick Shilton', 'rshiltone@linkedin.com', '295-747-2189', TRUE);
INSERT INTO user (userID, name, email, phoneNumber, accStatus) VALUES (16, 'Christen Lade', 'cladef@digg.com', '946-902-4792', FALSE);
INSERT INTO user (userID, name, email, phoneNumber, accStatus) VALUES (17, 'Pavel Butson', 'pbutsong@lulu.com', '164-271-1488', FALSE);
INSERT INTO user (userID, name, email, phoneNumber, accStatus) VALUES (18, 'Lebbie Fursse', 'lfursseh@clickbank.net', '789-397-1326', TRUE);
INSERT INTO user (userID, name, email, phoneNumber, accStatus) VALUES (19, 'Berti McGorman', 'bmcgormani@japanpost.jp', '736-396-0093', TRUE);
INSERT INTO user (userID, name, email, phoneNumber, accStatus) VALUES (20, 'Karl Hammon', 'khammonj@home.pl', '765-200-4317', FALSE);
INSERT INTO user (userID, name, email, phoneNumber, accStatus) VALUES (21, 'Katuscha Bohin', 'kbohink@msu.edu', '112-797-2997', TRUE);
INSERT INTO user (userID, name, email, phoneNumber, accStatus) VALUES (22, 'Raynor Pechan', 'rpechanl@nba.com', '506-177-8323', FALSE);
INSERT INTO user (userID, name, email, phoneNumber, accStatus) VALUES (23, 'Moises Braunlein', 'mbraunleinm@aboutads.info', '223-753-6669', TRUE);
INSERT INTO user (userID, name, email, phoneNumber, accStatus) VALUES (24, 'Wes Gabits', 'wgabitsn@china.com.cn', '708-824-7106', TRUE);
INSERT INTO user (userID, name, email, phoneNumber, accStatus) VALUES (25, 'Artair Robson', 'arobsono@bandcamp.com', '613-986-2912', FALSE);
INSERT INTO user (userID, name, email, phoneNumber, accStatus) VALUES (26, 'Ernie Gibbs', 'egibbsp@ocn.ne.jp', '513-458-3554', FALSE);
INSERT INTO user (userID, name, email, phoneNumber, accStatus) VALUES (27, 'Myrah Tiuit', 'mtiuitq@fda.gov', '414-638-8057', FALSE);
INSERT INTO user (userID, name, email, phoneNumber, accStatus) VALUES (28, 'Antonetta Jarmyn', 'ajarmynr@github.io', '216-296-0444', FALSE);
INSERT INTO user (userID, name, email, phoneNumber, accStatus) VALUES (29, 'Jolynn Organer', 'jorganers@un.org', '216-556-6529', FALSE);
INSERT INTO user (userID, name, email, phoneNumber, accStatus) VALUES (30, 'Barb Lenthall', 'blenthallt@tripadvisor.com', '915-552-2203', TRUE);
INSERT INTO user (userID, name, email, phoneNumber, accStatus) VALUES (31, 'Gloria Dalston', 'gdalstonu@wikia.com', '674-353-1817', FALSE);
INSERT INTO user (userID, name, email, phoneNumber, accStatus) VALUES (32, 'Linn Espinel', 'lespinelv@kickstarter.com', '919-887-2066', FALSE);
INSERT INTO user (userID, name, email, phoneNumber, accStatus) VALUES (33, 'Bernete Tamburi', 'btamburiw@bluehost.com', '336-673-8385', TRUE);
INSERT INTO user (userID, name, email, phoneNumber, accStatus) VALUES (34, 'Lizabeth Bever', 'lbeverx@fda.gov', '352-632-4019', TRUE);
INSERT INTO user (userID, name, email, phoneNumber, accStatus) VALUES (35, 'Myron Marde', 'mmardey@bbb.org', '954-298-7314', TRUE);
INSERT INTO user (userID, name, email, phoneNumber, accStatus) VALUES (36, 'Sarette Parbrook', 'sparbrookz@youtu.be', '477-231-9881', FALSE);
INSERT INTO user (userID, name, email, phoneNumber, accStatus) VALUES (37, 'Gleda Anniwell', 'ganniwell10@bbb.org', '187-568-9512', TRUE);
INSERT INTO user (userID, name, email, phoneNumber, accStatus) VALUES (38, 'Vivianna Mathet', 'vmathet11@icio.us', '573-857-9807', FALSE);
INSERT INTO user (userID, name, email, phoneNumber, accStatus) VALUES (39, 'Humfried Claydon', 'hclaydon12@tiny.cc', '813-939-8297', FALSE);
INSERT INTO user (userID, name, email, phoneNumber, accStatus) VALUES (40, 'Birgitta Westcot', 'bwestcot13@oakley.com', '900-648-5816', TRUE);
INSERT INTO user (userID, name, email, phoneNumber, accStatus) VALUES (41, 'Olga Truin', 'otruin14@cyberchimps.com', '577-328-0389', FALSE);
INSERT INTO user (userID, name, email, phoneNumber, accStatus) VALUES (42, 'Flynn Pimlett', 'fpimlett15@psu.edu', '781-631-8812', FALSE);
INSERT INTO user (userID, name, email, phoneNumber, accStatus) VALUES (43, 'Gabbie Savatier', 'gsavatier16@nature.com', '659-168-5534', FALSE);
INSERT INTO user (userID, name, email, phoneNumber, accStatus) VALUES (44, 'Theodor Whitehead', 'twhitehead17@ftc.gov', '414-927-0970', TRUE);
INSERT INTO user (userID, name, email, phoneNumber, accStatus) VALUES (45, 'Vivia Bristow', 'vbristow18@rakuten.co.jp', '693-676-2082', FALSE);
INSERT INTO user (userID, name, email, phoneNumber, accStatus) VALUES (46, 'Elmira Perone', 'eperone19@squarespace.com', '544-908-7151', TRUE);
INSERT INTO user (userID, name, email, phoneNumber, accStatus) VALUES (47, 'Elsie Jakaway', 'ejakaway1a@chicagotribune.com', '804-181-0726', TRUE);
INSERT INTO user (userID, name, email, phoneNumber, accStatus) VALUES (48, 'Valerye Youd', 'vyoud1b@ftc.gov', '258-691-2356', FALSE);
INSERT INTO user (userID, name, email, phoneNumber, accStatus) VALUES (49, 'Myrta Gosse', 'mgosse1c@w3.org', '117-697-2125', FALSE);
INSERT INTO user (userID, name, email, phoneNumber, accStatus) VALUES (50, 'Karlee Lethbridge', 'klethbridge1d@army.mil', '321-910-8381', TRUE);